downstream_device_id,upstream_device_id,dependency_type
agg-central-bs_and_s,core-bs_and_s-01,aggregation_backhaul
agg-central-cable_two,core-cable_two-01,aggregation_backhaul
agg-central-meverse,core-meverse-01,aggregation_backhaul
agg-central-moon_link,core-moon_link-01,aggregation_backhaul
agg-central-zfinity,core-zfinity-01,aggregation_backhaul
agg-northeast-bs_and_s,core-bs_and_s-02,aggregation_backhaul
agg-northeast-cable_two,core-cable_two-02,aggregation_backhaul
agg-northeast-meverse,core-meverse-02,aggregation_backhaul
agg-northeast-moon_link,core-moon_link-02,aggregation_backhaul
agg-northeast-zfinity,core-zfinity-02,aggregation_backhaul
agg-northwest-bs_and_s,core-bs_and_s-02,aggregation_backhaul
agg-northwest-cable_two,core-cable_two-02,aggregation_backhaul
agg-northwest-meverse,core-meverse-02,aggregation_backhaul
agg-northwest-moon_link,core-moon_link-02,aggregation_backhaul
agg-northwest-zfinity,core-zfinity-02,aggregation_backhaul
agg-ouachita-bs_and_s,core-bs_and_s-01,aggregation_backhaul
agg-ouachita-cable_two,core-cable_two-01,aggregation_backhaul
agg-ouachita-meverse,core-meverse-01,aggregation_backhaul
agg-ouachita-moon_link,core-moon_link-01,aggregation_backhaul
agg-ouachita-zfinity,core-zfinity-01,aggregation_backhaul
agg-ozarks-bs_and_s,core-bs_and_s-02,aggregation_backhaul
agg-ozarks-cable_two,core-cable_two-02,aggregation_backhaul
agg-ozarks-meverse,core-meverse-02,aggregation_backhaul
agg-ozarks-moon_link,core-moon_link-02,aggregation_backhaul
agg-ozarks-zfinity,core-zfinity-02,aggregation_backhaul
agg-river_valley-bs_and_s,core-bs_and_s-01,aggregation_backhaul
agg-river_valley-cable_two,core-cable_two-01,aggregation_backhaul
agg-river_valley-meverse,core-meverse-01,aggregation_backhaul
agg-river_valley-moon_link,core-moon_link-01,aggregation_backhaul
agg-river_valley-zfinity,core-zfinity-01,aggregation_backhaul
agg-southeast-bs_and_s,core-bs_and_s-01,aggregation_backhaul
agg-southeast-cable_two,core-cable_two-01,aggregation_backhaul
agg-southeast-meverse,core-meverse-01,aggregation_backhaul
agg-southeast-moon_link,core-moon_link-01,aggregation_backhaul
agg-southeast-zfinity,core-zfinity-01,aggregation_backhaul
agg-southwest-bs_and_s,core-bs_and_s-02,aggregation_backhaul
agg-southwest-cable_two,core-cable_two-02,aggregation_backhaul
agg-southwest-meverse,core-meverse-02,aggregation_backhaul
agg-southwest-moon_link,core-moon_link-02,aggregation_backhaul
agg-southwest-zfinity,core-zfinity-02,aggregation_backhaul
core-bs_and_s-01,ixp-central-01,backhaul_ixp
core-bs_and_s-02,ixp-central-02,backhaul_ixp
core-cable_two-01,ixp-northwest-01,backhaul_ixp
core-cable_two-02,ixp-northwest-02,backhaul_ixp
core-meverse-01,ixp-central-01,backhaul_ixp
core-meverse-02,ixp-central-02,backhaul_ixp
core-moon_link-01,ixp-central-01,backhaul_ixp
core-moon_link-02,ixp-central-02,backhaul_ixp
core-zfinity-01,ixp-northwest-01,backhaul_ixp
core-zfinity-02,ixp-northwest-02,backhaul_ixp
device-0001,agg-central-bs_and_s,access_aggregation
device-0002,agg-central-cable_two,access_aggregation
device-0003,agg-central-moon_link,access_aggregation
device-0004,agg-central-zfinity,access_aggregation
device-0005,agg-central-zfinity,access_aggregation
device-0006,agg-central-moon_link,access_aggregation
device-0007,agg-central-moon_link,access_aggregation
device-0008,agg-central-meverse,access_aggregation
device-0009,agg-central-meverse,access_aggregation
device-0010,agg-central-meverse,access_aggregation
device-0011,agg-central-zfinity,access_aggregation
device-0012,agg-central-bs_and_s,access_aggregation
device-0013,agg-central-cable_two,access_aggregation
device-0014,agg-central-meverse,access_aggregation
device-0015,agg-central-bs_and_s,access_aggregation
device-0016,agg-central-cable_two,access_aggregation
device-0017,agg-central-moon_link,access_aggregation
device-0018,agg-central-meverse,access_aggregation
device-0019,agg-central-moon_link,access_aggregation
device-0020,agg-central-zfinity,access_aggregation
device-0021,agg-central-cable_two,access_aggregation
device-0022,agg-central-bs_and_s,access_aggregation
device-0023,agg-central-bs_and_s,access_aggregation
device-0024,agg-central-moon_link,access_aggregation
device-0025,agg-central-zfinity,access_aggregation
device-0026,agg-central-zfinity,access_aggregation
device-0027,agg-central-bs_and_s,access_aggregation
device-0028,agg-central-meverse,access_aggregation
device-0029,agg-central-meverse,access_aggregation
device-0030,agg-central-cable_two,access_aggregation
device-0031,agg-central-bs_and_s,access_aggregation
device-0032,agg-central-moon_link,access_aggregation
device-0033,agg-central-moon_link,access_aggregation
device-0034,agg-central-moon_link,access_aggregation
device-0035,agg-central-zfinity,access_aggregation
device-0036,agg-central-zfinity,access_aggregation
device-0037,agg-central-moon_link,access_aggregation
device-0038,agg-central-cable_two,access_aggregation
device-0039,agg-central-zfinity,access_aggregation
device-0040,agg-central-bs_and_s,access_aggregation
device-0041,agg-central-meverse,access_aggregation
device-0042,agg-central-moon_link,access_aggregation
device-0043,agg-central-zfinity,access_aggregation
device-0044,agg-central-meverse,access_aggregation
device-0045,agg-central-cable_two,access_aggregation
device-0046,agg-central-cable_two,access_aggregation
device-0047,agg-central-zfinity,access_aggregation
device-0048,agg-central-bs_and_s,access_aggregation
device-0049,agg-central-moon_link,access_aggregation
device-0050,agg-central-bs_and_s,access_aggregation
device-0051,agg-central-meverse,access_aggregation
device-0052,agg-central-zfinity,access_aggregation
device-0053,agg-central-cable_two,access_aggregation
device-0054,agg-central-moon_link,access_aggregation
device-0055,agg-central-moon_link,access_aggregation
device-0056,agg-central-zfinity,access_aggregation
device-0057,agg-central-meverse,access_aggregation
device-0058,agg-central-moon_link,access_aggregation
device-0059,agg-central-moon_link,access_aggregation
device-0060,agg-central-meverse,access_aggregation
device-0061,agg-central-bs_and_s,access_aggregation
device-0062,agg-central-cable_two,access_aggregation
device-0063,agg-central-bs_and_s,access_aggregation
device-0064,agg-central-meverse,access_aggregation
device-0065,agg-central-zfinity,access_aggregation
device-0066,agg-central-meverse,access_aggregation
device-0067,agg-central-meverse,access_aggregation
device-0068,agg-central-bs_and_s,access_aggregation
device-0069,agg-central-cable_two,access_aggregation
device-0070,agg-central-bs_and_s,access_aggregation
device-0071,agg-central-meverse,access_aggregation
device-0072,agg-central-moon_link,access_aggregation
device-0073,agg-central-cable_two,access_aggregation
device-0074,agg-central-moon_link,access_aggregation
device-0075,agg-central-bs_and_s,access_aggregation
device-0076,agg-central-bs_and_s,access_aggregation
device-0077,agg-central-bs_and_s,access_aggregation
device-0078,agg-central-bs_and_s,access_aggregation
device-0079,agg-central-moon_link,access_aggregation
device-0080,agg-central-cable_two,access_aggregation
device-0081,agg-central-zfinity,access_aggregation
device-0082,agg-central-meverse,access_aggregation
device-0083,agg-central-zfinity,access_aggregation
device-0084,agg-central-cable_two,access_aggregation
device-0085,agg-central-cable_two,access_aggregation
device-0086,agg-central-meverse,access_aggregation
device-0087,agg-central-zfinity,access_aggregation
device-0088,agg-central-cable_two,access_aggregation
device-0089,agg-central-zfinity,access_aggregation
device-0090,agg-central-moon_link,access_aggregation
device-0091,agg-central-bs_and_s,access_aggregation
device-0092,agg-central-bs_and_s,access_aggregation
device-0093,agg-central-cable_two,access_aggregation
device-0094,agg-central-bs_and_s,access_aggregation
device-0095,agg-central-zfinity,access_aggregation
device-0096,agg-central-cable_two,access_aggregation
device-0097,agg-central-zfinity,access_aggregation
device-0098,agg-central-moon_link,access_aggregation
device-0099,agg-central-moon_link,access_aggregation
device-0100,agg-central-bs_and_s,access_aggregation
device-0101,agg-central-bs_and_s,access_aggregation
device-0102,agg-central-zfinity,access_aggregation
device-0103,agg-central-cable_two,access_aggregation
device-0104,agg-central-bs_and_s,access_aggregation
device-0105,agg-central-meverse,access_aggregation
device-0106,agg-central-meverse,access_aggregation
device-0107,agg-central-cable_two,access_aggregation
device-0108,agg-central-cable_two,access_aggregation
device-0109,agg-central-moon_link,access_aggregation
device-0110,agg-central-bs_and_s,access_aggregation
device-0111,agg-central-meverse,access_aggregation
device-0112,agg-central-zfinity,access_aggregation
device-0113,agg-central-cable_two,access_aggregation
device-0114,agg-central-moon_link,access_aggregation
device-0115,agg-central-bs_and_s,access_aggregation
device-0116,agg-central-meverse,access_aggregation
device-0117,agg-central-meverse,access_aggregation
device-0118,agg-central-moon_link,access_aggregation
device-0119,agg-central-meverse,access_aggregation
device-0120,agg-central-zfinity,access_aggregation
device-0121,agg-central-zfinity,access_aggregation
device-0122,agg-central-bs_and_s,access_aggregation
device-0123,agg-central-cable_two,access_aggregation
device-0124,agg-central-meverse,access_aggregation
device-0125,agg-central-moon_link,access_aggregation
device-0126,agg-central-zfinity,access_aggregation
device-0127,agg-central-meverse,access_aggregation
device-0128,agg-central-zfinity,access_aggregation
device-0129,agg-central-bs_and_s,access_aggregation
device-0130,agg-central-moon_link,access_aggregation
device-0131,agg-central-bs_and_s,access_aggregation
device-0132,agg-central-moon_link,access_aggregation
device-0133,agg-central-moon_link,access_aggregation
device-0134,agg-central-meverse,access_aggregation
device-0135,agg-central-moon_link,access_aggregation
device-0136,agg-central-cable_two,access_aggregation
device-0137,agg-central-cable_two,access_aggregation
device-0138,agg-central-zfinity,access_aggregation
device-0139,agg-central-bs_and_s,access_aggregation
device-0140,agg-central-zfinity,access_aggregation
device-0141,agg-central-zfinity,access_aggregation
device-0142,agg-central-bs_and_s,access_aggregation
device-0143,agg-central-meverse,access_aggregation
device-0144,agg-central-zfinity,access_aggregation
device-0145,agg-central-moon_link,access_aggregation
device-0146,agg-central-cable_two,access_aggregation
device-0147,agg-central-moon_link,access_aggregation
device-0148,agg-central-cable_two,access_aggregation
device-0149,agg-central-meverse,access_aggregation
device-0150,agg-central-meverse,access_aggregation
device-0151,agg-central-zfinity,access_aggregation
device-0152,agg-central-cable_two,access_aggregation
device-0153,agg-central-meverse,access_aggregation
device-0154,agg-central-meverse,access_aggregation
device-0155,agg-central-cable_two,access_aggregation
device-0156,agg-central-cable_two,access_aggregation
device-0157,agg-central-cable_two,access_aggregation
device-0158,agg-northwest-bs_and_s,access_aggregation
device-0159,agg-northwest-moon_link,access_aggregation
device-0160,agg-northwest-meverse,access_aggregation
device-0161,agg-northwest-meverse,access_aggregation
device-0162,agg-northwest-bs_and_s,access_aggregation
device-0163,agg-northwest-meverse,access_aggregation
device-0164,agg-northwest-zfinity,access_aggregation
device-0165,agg-northwest-meverse,access_aggregation
device-0166,agg-northwest-moon_link,access_aggregation
device-0167,agg-northwest-meverse,access_aggregation
device-0168,agg-northwest-zfinity,access_aggregation
device-0169,agg-northwest-cable_two,access_aggregation
device-0170,agg-northwest-moon_link,access_aggregation
device-0171,agg-northwest-moon_link,access_aggregation
device-0172,agg-northwest-zfinity,access_aggregation
device-0173,agg-northwest-moon_link,access_aggregation
device-0174,agg-northwest-moon_link,access_aggregation
device-0175,agg-northwest-zfinity,access_aggregation
device-0176,agg-northwest-moon_link,access_aggregation
device-0177,agg-northwest-zfinity,access_aggregation
device-0178,agg-northwest-meverse,access_aggregation
device-0179,agg-northwest-cable_two,access_aggregation
device-0180,agg-northwest-cable_two,access_aggregation
device-0181,agg-northwest-zfinity,access_aggregation
device-0182,agg-northwest-bs_and_s,access_aggregation
device-0183,agg-northwest-moon_link,access_aggregation
device-0184,agg-northwest-moon_link,access_aggregation
device-0185,agg-northwest-zfinity,access_aggregation
device-0186,agg-northwest-cable_two,access_aggregation
device-0187,agg-northwest-meverse,access_aggregation
device-0188,agg-northwest-meverse,access_aggregation
device-0189,agg-northwest-bs_and_s,access_aggregation
device-0190,agg-northwest-cable_two,access_aggregation
device-0191,agg-northwest-moon_link,access_aggregation
device-0192,agg-northwest-zfinity,access_aggregation
device-0193,agg-northwest-meverse,access_aggregation
device-0194,agg-northwest-meverse,access_aggregation
device-0195,agg-northwest-moon_link,access_aggregation
device-0196,agg-northwest-zfinity,access_aggregation
device-0197,agg-northwest-bs_and_s,access_aggregation
device-0198,agg-northwest-meverse,access_aggregation
device-0199,agg-northwest-moon_link,access_aggregation
device-0200,agg-northwest-zfinity,access_aggregation
device-0201,agg-northwest-meverse,access_aggregation
device-0202,agg-northwest-meverse,access_aggregation
device-0203,agg-northwest-meverse,access_aggregation
device-0204,agg-northwest-bs_and_s,access_aggregation
device-0205,agg-northwest-cable_two,access_aggregation
device-0206,agg-northwest-moon_link,access_aggregation
device-0207,agg-northwest-moon_link,access_aggregation
device-0208,agg-northwest-zfinity,access_aggregation
device-0209,agg-northwest-meverse,access_aggregation
device-0210,agg-northwest-meverse,access_aggregation
device-0211,agg-northwest-zfinity,access_aggregation
device-0212,agg-northwest-cable_two,access_aggregation
device-0213,agg-northwest-bs_and_s,access_aggregation
device-0214,agg-northwest-zfinity,access_aggregation
device-0215,agg-northwest-cable_two,access_aggregation
device-0216,agg-northwest-bs_and_s,access_aggregation
device-0217,agg-northwest-meverse,access_aggregation
device-0218,agg-northwest-cable_two,access_aggregation
device-0219,agg-northwest-moon_link,access_aggregation
device-0220,agg-northwest-zfinity,access_aggregation
device-0221,agg-northwest-bs_and_s,access_aggregation
device-0222,agg-northwest-moon_link,access_aggregation
device-0223,agg-northwest-cable_two,access_aggregation
device-0224,agg-northwest-cable_two,access_aggregation
device-0225,agg-northwest-bs_and_s,access_aggregation
device-0226,agg-northwest-zfinity,access_aggregation
device-0227,agg-northwest-moon_link,access_aggregation
device-0228,agg-northwest-zfinity,access_aggregation
device-0229,agg-northwest-bs_and_s,access_aggregation
device-0230,agg-northwest-cable_two,access_aggregation
device-0231,agg-northwest-bs_and_s,access_aggregation
device-0232,agg-northwest-cable_two,access_aggregation
device-0233,agg-northwest-bs_and_s,access_aggregation
device-0234,agg-northwest-zfinity,access_aggregation
device-0235,agg-northwest-moon_link,access_aggregation
device-0236,agg-northwest-bs_and_s,access_aggregation
device-0237,agg-northwest-bs_and_s,access_aggregation
device-0238,agg-northwest-bs_and_s,access_aggregation
device-0239,agg-northwest-cable_two,access_aggregation
device-0240,agg-northwest-bs_and_s,access_aggregation
device-0241,agg-northwest-cable_two,access_aggregation
device-0242,agg-northwest-zfinity,access_aggregation
device-0243,agg-northwest-zfinity,access_aggregation
device-0244,agg-northwest-zfinity,access_aggregation
device-0245,agg-northwest-cable_two,access_aggregation
device-0246,agg-northwest-moon_link,access_aggregation
device-0247,agg-northwest-cable_two,access_aggregation
device-0248,agg-northwest-bs_and_s,access_aggregation
device-0249,agg-northwest-zfinity,access_aggregation
device-0250,agg-northwest-bs_and_s,access_aggregation
device-0251,agg-northwest-moon_link,access_aggregation
device-0252,agg-northwest-zfinity,access_aggregation
device-0253,agg-northwest-cable_two,access_aggregation
device-0254,agg-northwest-cable_two,access_aggregation
device-0255,agg-northwest-zfinity,access_aggregation
device-0256,agg-northwest-cable_two,access_aggregation
device-0257,agg-northwest-bs_and_s,access_aggregation
device-0258,agg-northwest-bs_and_s,access_aggregation
device-0259,agg-northwest-cable_two,access_aggregation
device-0260,agg-northwest-meverse,access_aggregation
device-0261,agg-northwest-moon_link,access_aggregation
device-0262,agg-northwest-cable_two,access_aggregation
device-0263,agg-northwest-bs_and_s,access_aggregation
device-0264,agg-northwest-moon_link,access_aggregation
device-0265,agg-northwest-meverse,access_aggregation
device-0266,agg-northwest-cable_two,access_aggregation
device-0267,agg-northwest-meverse,access_aggregation
device-0268,agg-northwest-meverse,access_aggregation
device-0269,agg-river_valley-zfinity,access_aggregation
device-0270,agg-river_valley-bs_and_s,access_aggregation
device-0271,agg-river_valley-cable_two,access_aggregation
device-0272,agg-river_valley-bs_and_s,access_aggregation
device-0273,agg-river_valley-zfinity,access_aggregation
device-0274,agg-river_valley-meverse,access_aggregation
device-0275,agg-river_valley-cable_two,access_aggregation
device-0276,agg-river_valley-meverse,access_aggregation
device-0277,agg-river_valley-zfinity,access_aggregation
device-0278,agg-river_valley-cable_two,access_aggregation
device-0279,agg-river_valley-cable_two,access_aggregation
device-0280,agg-river_valley-meverse,access_aggregation
device-0281,agg-river_valley-zfinity,access_aggregation
device-0282,agg-river_valley-meverse,access_aggregation
device-0283,agg-river_valley-zfinity,access_aggregation
device-0284,agg-river_valley-meverse,access_aggregation
device-0285,agg-river_valley-bs_and_s,access_aggregation
device-0286,agg-river_valley-zfinity,access_aggregation
device-0287,agg-river_valley-zfinity,access_aggregation
device-0288,agg-river_valley-cable_two,access_aggregation
device-0289,agg-river_valley-bs_and_s,access_aggregation
device-0290,agg-river_valley-bs_and_s,access_aggregation
device-0291,agg-river_valley-cable_two,access_aggregation
device-0292,agg-river_valley-meverse,access_aggregation
device-0293,agg-river_valley-meverse,access_aggregation
device-0294,agg-river_valley-cable_two,access_aggregation
device-0295,agg-river_valley-cable_two,access_aggregation
device-0296,agg-river_valley-moon_link,access_aggregation
device-0297,agg-river_valley-meverse,access_aggregation
device-0298,agg-river_valley-bs_and_s,access_aggregation
device-0299,agg-river_valley-meverse,access_aggregation
device-0300,agg-river_valley-cable_two,access_aggregation
device-0301,agg-river_valley-cable_two,access_aggregation
device-0302,agg-river_valley-moon_link,access_aggregation
device-0303,agg-river_valley-cable_two,access_aggregation
device-0304,agg-river_valley-bs_and_s,access_aggregation
device-0305,agg-river_valley-bs_and_s,access_aggregation
device-0306,agg-river_valley-bs_and_s,access_aggregation
device-0307,agg-river_valley-zfinity,access_aggregation
device-0308,agg-river_valley-meverse,access_aggregation
device-0309,agg-river_valley-bs_and_s,access_aggregation
device-0310,agg-river_valley-meverse,access_aggregation
device-0311,agg-river_valley-meverse,access_aggregation
device-0312,agg-river_valley-zfinity,access_aggregation
device-0313,agg-river_valley-moon_link,access_aggregation
device-0314,agg-river_valley-meverse,access_aggregation
device-0315,agg-river_valley-bs_and_s,access_aggregation
device-0316,agg-river_valley-zfinity,access_aggregation
device-0317,agg-river_valley-cable_two,access_aggregation
device-0318,agg-river_valley-zfinity,access_aggregation
device-0319,agg-river_valley-zfinity,access_aggregation
device-0320,agg-river_valley-bs_and_s,access_aggregation
device-0321,agg-river_valley-bs_and_s,access_aggregation
device-0322,agg-river_valley-bs_and_s,access_aggregation
device-0323,agg-river_valley-cable_two,access_aggregation
device-0324,agg-river_valley-meverse,access_aggregation
device-0325,agg-river_valley-zfinity,access_aggregation
device-0326,agg-northeast-bs_and_s,access_aggregation
device-0327,agg-northeast-bs_and_s,access_aggregation
device-0328,agg-northeast-moon_link,access_aggregation
device-0329,agg-northeast-cable_two,access_aggregation
device-0330,agg-northeast-cable_two,access_aggregation
device-0331,agg-northeast-meverse,access_aggregation
device-0332,agg-northeast-meverse,access_aggregation
device-0333,agg-northeast-moon_link,access_aggregation
device-0334,agg-northeast-cable_two,access_aggregation
device-0335,agg-northeast-zfinity,access_aggregation
device-0336,agg-northeast-zfinity,access_aggregation
device-0337,agg-northeast-meverse,access_aggregation
device-0338,agg-northeast-meverse,access_aggregation
device-0339,agg-northeast-meverse,access_aggregation
device-0340,agg-northeast-bs_and_s,access_aggregation
device-0341,agg-northeast-bs_and_s,access_aggregation
device-0342,agg-northeast-cable_two,access_aggregation
device-0343,agg-northeast-cable_two,access_aggregation
device-0344,agg-northeast-bs_and_s,access_aggregation
device-0345,agg-northeast-cable_two,access_aggregation
device-0346,agg-northeast-bs_and_s,access_aggregation
device-0347,agg-northeast-zfinity,access_aggregation
device-0348,agg-northeast-bs_and_s,access_aggregation
device-0349,agg-northeast-zfinity,access_aggregation
device-0350,agg-northeast-bs_and_s,access_aggregation
device-0351,agg-northeast-meverse,access_aggregation
device-0352,agg-northeast-meverse,access_aggregation
device-0353,agg-northeast-meverse,access_aggregation
device-0354,agg-northeast-cable_two,access_aggregation
device-0355,agg-northeast-moon_link,access_aggregation
device-0356,agg-northeast-cable_two,access_aggregation
device-0357,agg-northeast-zfinity,access_aggregation
device-0358,agg-northeast-zfinity,access_aggregation
device-0359,agg-northeast-zfinity,access_aggregation
device-0360,agg-northeast-moon_link,access_aggregation
device-0361,agg-northeast-moon_link,access_aggregation
device-0362,agg-northeast-moon_link,access_aggregation
device-0363,agg-northeast-meverse,access_aggregation
device-0364,agg-northeast-zfinity,access_aggregation
device-0365,agg-northeast-zfinity,access_aggregation
device-0366,agg-northeast-meverse,access_aggregation
device-0367,agg-northeast-cable_two,access_aggregation
device-0368,agg-northeast-meverse,access_aggregation
device-0369,agg-northeast-zfinity,access_aggregation
device-0370,agg-northeast-moon_link,access_aggregation
device-0371,agg-northeast-cable_two,access_aggregation
device-0372,agg-northeast-zfinity,access_aggregation
device-0373,agg-northeast-bs_and_s,access_aggregation
device-0374,agg-northeast-bs_and_s,access_aggregation
device-0375,agg-northeast-cable_two,access_aggregation
device-0376,agg-northeast-meverse,access_aggregation
device-0377,agg-northeast-cable_two,access_aggregation
device-0378,agg-northeast-moon_link,access_aggregation
device-0379,agg-northeast-moon_link,access_aggregation
device-0380,agg-northeast-bs_and_s,access_aggregation
device-0381,agg-northeast-moon_link,access_aggregation
device-0382,agg-northeast-zfinity,access_aggregation
device-0383,agg-northeast-cable_two,access_aggregation
device-0384,agg-northeast-moon_link,access_aggregation
device-0385,agg-northeast-bs_and_s,access_aggregation
device-0386,agg-northeast-cable_two,access_aggregation
device-0387,agg-northeast-meverse,access_aggregation
device-0388,agg-northeast-cable_two,access_aggregation
device-0389,agg-northeast-zfinity,access_aggregation
device-0390,agg-northeast-bs_and_s,access_aggregation
device-0391,agg-northeast-meverse,access_aggregation
device-0392,agg-northeast-moon_link,access_aggregation
device-0393,agg-northeast-moon_link,access_aggregation
device-0394,agg-northeast-bs_and_s,access_aggregation
device-0395,agg-northeast-bs_and_s,access_aggregation
device-0396,agg-northeast-zfinity,access_aggregation
device-0397,agg-northeast-moon_link,access_aggregation
device-0398,agg-northeast-moon_link,access_aggregation
device-0399,agg-northeast-zfinity,access_aggregation
device-0400,agg-northeast-cable_two,access_aggregation
device-0401,agg-northeast-bs_and_s,access_aggregation
device-0402,agg-northeast-moon_link,access_aggregation
device-0403,agg-northeast-bs_and_s,access_aggregation
device-0404,agg-northeast-zfinity,access_aggregation
device-0405,agg-northeast-zfinity,access_aggregation
device-0406,agg-northeast-cable_two,access_aggregation
device-0407,agg-northeast-moon_link,access_aggregation
device-0408,agg-northeast-meverse,access_aggregation
device-0409,agg-northeast-meverse,access_aggregation
device-0410,agg-northeast-meverse,access_aggregation
device-0411,agg-southeast-bs_and_s,access_aggregation
device-0412,agg-southeast-zfinity,access_aggregation
device-0413,agg-southeast-meverse,access_aggregation
device-0414,agg-southeast-zfinity,access_aggregation
device-0415,agg-southeast-meverse,access_aggregation
device-0416,agg-southeast-zfinity,access_aggregation
device-0417,agg-southeast-meverse,access_aggregation
device-0418,agg-southeast-zfinity,access_aggregation
device-0419,agg-southeast-bs_and_s,access_aggregation
device-0420,agg-southeast-bs_and_s,access_aggregation
device-0421,agg-southeast-zfinity,access_aggregation
device-0422,agg-southeast-meverse,access_aggregation
device-0423,agg-southeast-moon_link,access_aggregation
device-0424,agg-southeast-meverse,access_aggregation
device-0425,agg-southeast-zfinity,access_aggregation
device-0426,agg-southeast-meverse,access_aggregation
device-0427,agg-southeast-meverse,access_aggregation
device-0428,agg-southeast-moon_link,access_aggregation
device-0429,agg-southeast-cable_two,access_aggregation
device-0430,agg-southeast-bs_and_s,access_aggregation
device-0431,agg-southeast-meverse,access_aggregation
device-0432,agg-southeast-zfinity,access_aggregation
device-0433,agg-southeast-zfinity,access_aggregation
device-0434,agg-southeast-cable_two,access_aggregation
device-0435,agg-southeast-cable_two,access_aggregation
device-0436,agg-southeast-cable_two,access_aggregation
device-0437,agg-southeast-bs_and_s,access_aggregation
device-0438,agg-southeast-cable_two,access_aggregation
device-0439,agg-southeast-moon_link,access_aggregation
device-0440,agg-southeast-cable_two,access_aggregation
device-0441,agg-southeast-moon_link,access_aggregation
device-0442,agg-southeast-cable_two,access_aggregation
device-0443,agg-southeast-cable_two,access_aggregation
device-0444,agg-southeast-meverse,access_aggregation
device-0445,agg-southeast-zfinity,access_aggregation
device-0446,agg-southeast-moon_link,access_aggregation
device-0447,agg-southeast-bs_and_s,access_aggregation
device-0448,agg-southeast-meverse,access_aggregation
device-0449,agg-southeast-zfinity,access_aggregation
device-0450,agg-southeast-zfinity,access_aggregation
device-0451,agg-southeast-cable_two,access_aggregation
device-0452,agg-southeast-moon_link,access_aggregation
device-0453,agg-southeast-meverse,access_aggregation
device-0454,agg-southeast-bs_and_s,access_aggregation
device-0455,agg-southeast-moon_link,access_aggregation
device-0456,agg-southeast-bs_and_s,access_aggregation
device-0457,agg-southeast-zfinity,access_aggregation
device-0458,agg-southeast-meverse,access_aggregation
device-0459,agg-southeast-cable_two,access_aggregation
device-0460,agg-southeast-bs_and_s,access_aggregation
device-0461,agg-southeast-moon_link,access_aggregation
device-0462,agg-southeast-cable_two,access_aggregation
device-0463,agg-southeast-bs_and_s,access_aggregation
device-0464,agg-southwest-meverse,access_aggregation
device-0465,agg-southwest-moon_link,access_aggregation
device-0466,agg-southwest-bs_and_s,access_aggregation
device-0467,agg-southwest-moon_link,access_aggregation
device-0468,agg-southwest-bs_and_s,access_aggregation
device-0469,agg-southwest-zfinity,access_aggregation
device-0470,agg-southwest-zfinity,access_aggregation
device-0471,agg-southwest-moon_link,access_aggregation
device-0472,agg-southwest-bs_and_s,access_aggregation
device-0473,agg-southwest-moon_link,access_aggregation
device-0474,agg-southwest-moon_link,access_aggregation
device-0475,agg-southwest-meverse,access_aggregation
device-0476,agg-southwest-meverse,access_aggregation
device-0477,agg-southwest-zfinity,access_aggregation
device-0478,agg-southwest-meverse,access_aggregation
device-0479,agg-southwest-meverse,access_aggregation
device-0480,agg-southwest-bs_and_s,access_aggregation
device-0481,agg-southwest-moon_link,access_aggregation
device-0482,agg-southwest-bs_and_s,access_aggregation
device-0483,agg-southwest-cable_two,access_aggregation
device-0484,agg-southwest-zfinity,access_aggregation
device-0485,agg-southwest-cable_two,access_aggregation
device-0486,agg-southwest-zfinity,access_aggregation
device-0487,agg-southwest-meverse,access_aggregation
device-0488,agg-southwest-bs_and_s,access_aggregation
device-0489,agg-southwest-meverse,access_aggregation
device-0490,agg-southwest-moon_link,access_aggregation
device-0491,agg-southwest-cable_two,access_aggregation
device-0492,agg-southwest-cable_two,access_aggregation
device-0493,agg-southwest-moon_link,access_aggregation
device-0494,agg-southwest-meverse,access_aggregation
device-0495,agg-southwest-moon_link,access_aggregation
device-0496,agg-southwest-cable_two,access_aggregation
device-0497,agg-southwest-moon_link,access_aggregation
device-0498,agg-southwest-bs_and_s,access_aggregation
device-0499,agg-southwest-moon_link,access_aggregation
device-0500,agg-southwest-moon_link,access_aggregation
device-0501,agg-southwest-bs_and_s,access_aggregation
device-0502,agg-southwest-bs_and_s,access_aggregation
device-0503,agg-southwest-zfinity,access_aggregation
device-0504,agg-ouachita-bs_and_s,access_aggregation
device-0505,agg-ouachita-cable_two,access_aggregation
device-0506,agg-ouachita-cable_two,access_aggregation
device-0507,agg-ouachita-bs_and_s,access_aggregation
device-0508,agg-ouachita-bs_and_s,access_aggregation
device-0509,agg-ouachita-bs_and_s,access_aggregation
device-0510,agg-ouachita-moon_link,access_aggregation
device-0511,agg-ouachita-meverse,access_aggregation
device-0512,agg-ouachita-moon_link,access_aggregation
device-0513,agg-ouachita-moon_link,access_aggregation
device-0514,agg-ouachita-bs_and_s,access_aggregation
device-0515,agg-ouachita-zfinity,access_aggregation
device-0516,agg-ouachita-moon_link,access_aggregation
device-0517,agg-ouachita-meverse,access_aggregation
device-0518,agg-ouachita-cable_two,access_aggregation
device-0519,agg-ouachita-moon_link,access_aggregation
device-0520,agg-ouachita-zfinity,access_aggregation
device-0521,agg-ouachita-moon_link,access_aggregation
device-0522,agg-ouachita-zfinity,access_aggregation
device-0523,agg-ouachita-moon_link,access_aggregation
device-0524,agg-ouachita-bs_and_s,access_aggregation
device-0525,agg-ouachita-meverse,access_aggregation
device-0526,agg-ouachita-meverse,access_aggregation
device-0527,agg-ouachita-moon_link,access_aggregation
device-0528,agg-ouachita-meverse,access_aggregation
device-0529,agg-ouachita-zfinity,access_aggregation
device-0530,agg-ouachita-zfinity,access_aggregation
device-0531,agg-ouachita-cable_two,access_aggregation
device-0532,agg-ouachita-zfinity,access_aggregation
device-0533,agg-ouachita-cable_two,access_aggregation
device-0534,agg-ouachita-cable_two,access_aggregation
device-0535,agg-ouachita-moon_link,access_aggregation
device-0536,agg-ouachita-bs_and_s,access_aggregation
device-0537,agg-ouachita-moon_link,access_aggregation
device-0538,agg-ouachita-cable_two,access_aggregation
device-0539,agg-ouachita-zfinity,access_aggregation
device-0540,agg-ouachita-meverse,access_aggregation
device-0541,agg-ouachita-zfinity,access_aggregation
device-0542,agg-ouachita-meverse,access_aggregation
device-0543,agg-ouachita-moon_link,access_aggregation
device-0544,agg-ouachita-cable_two,access_aggregation
device-0545,agg-ouachita-bs_and_s,access_aggregation
device-0546,agg-ouachita-meverse,access_aggregation
device-0547,agg-ouachita-bs_and_s,access_aggregation
device-0548,agg-ouachita-meverse,access_aggregation
device-0549,agg-ouachita-moon_link,access_aggregation
device-0550,agg-ouachita-cable_two,access_aggregation
device-0551,agg-ouachita-cable_two,access_aggregation
device-0552,agg-ouachita-bs_and_s,access_aggregation
device-0553,agg-ouachita-meverse,access_aggregation
device-0554,agg-ouachita-bs_and_s,access_aggregation
device-0555,agg-ouachita-zfinity,access_aggregation
device-0556,agg-ouachita-cable_two,access_aggregation
device-0557,agg-ouachita-zfinity,access_aggregation
device-0558,agg-ouachita-zfinity,access_aggregation
device-0559,agg-ozarks-moon_link,access_aggregation
device-0560,agg-ozarks-zfinity,access_aggregation
device-0561,agg-ozarks-moon_link,access_aggregation
device-0562,agg-ozarks-meverse,access_aggregation
device-0563,agg-ozarks-meverse,access_aggregation
device-0564,agg-ozarks-meverse,access_aggregation
device-0565,agg-ozarks-cable_two,access_aggregation
device-0566,agg-ozarks-bs_and_s,access_aggregation
device-0567,agg-ozarks-moon_link,access_aggregation
device-0568,agg-ozarks-cable_two,access_aggregation
device-0569,agg-ozarks-zfinity,access_aggregation
device-0570,agg-ozarks-moon_link,access_aggregation
device-0571,agg-ozarks-cable_two,access_aggregation
device-0572,agg-ozarks-cable_two,access_aggregation
device-0573,agg-ozarks-moon_link,access_aggregation
device-0574,agg-ozarks-moon_link,access_aggregation
device-0575,agg-ozarks-moon_link,access_aggregation
device-0576,agg-ozarks-meverse,access_aggregation
device-0577,agg-ozarks-moon_link,access_aggregation
device-0578,agg-ozarks-zfinity,access_aggregation
device-0579,agg-ozarks-bs_and_s,access_aggregation
device-0580,agg-ozarks-cable_two,access_aggregation
device-0581,agg-ozarks-zfinity,access_aggregation
device-0582,agg-ozarks-moon_link,access_aggregation
device-0583,agg-ozarks-zfinity,access_aggregation
device-0584,agg-ozarks-cable_two,access_aggregation
device-0585,agg-ozarks-bs_and_s,access_aggregation
device-0586,agg-ozarks-meverse,access_aggregation
device-0587,agg-ozarks-cable_two,access_aggregation
device-0588,agg-ozarks-moon_link,access_aggregation
device-0589,agg-ozarks-moon_link,access_aggregation
device-0590,agg-ozarks-moon_link,access_aggregation
device-0591,agg-ozarks-cable_two,access_aggregation
device-0592,agg-ozarks-cable_two,access_aggregation
device-0593,agg-ozarks-moon_link,access_aggregation
device-0594,agg-ozarks-bs_and_s,access_aggregation
device-0595,agg-ozarks-bs_and_s,access_aggregation
device-0596,agg-ozarks-zfinity,access_aggregation
device-0597,agg-ozarks-moon_link,access_aggregation
device-0598,agg-ozarks-bs_and_s,access_aggregation
device-0599,agg-ozarks-zfinity,access_aggregation
device-0600,agg-ozarks-meverse,access_aggregation
