device_id,site_id,provider_id,provider_name,technology,device_class,device_model,infrastructure_role,advertised_download_mbps,advertised_upload_mbps,deployment_date
agg-central-bs_and_s,network-site-agg-central-01,bs_and_s,BS&S,fiber,aggregation_router,RTR-EDGE-2000,aggregation,,,2021-07-13
agg-central-cable_two,network-site-agg-central-02,cable_two,CableTwo,fiber,aggregation_router,RTR-EDGE-2000,aggregation,,,2019-06-09
agg-central-meverse,network-site-agg-central-01,meverse,MeVerse,fiber,aggregation_router,RTR-EDGE-2000,aggregation,,,2022-08-29
agg-central-moon_link,network-site-agg-central-01,moon_link,MoonLink,fiber,aggregation_router,RTR-EDGE-2000,aggregation,,,2025-12-04
agg-central-zfinity,network-site-agg-central-02,zfinity,Zfinity,fiber,aggregation_router,RTR-EDGE-2000,aggregation,,,2020-01-31
agg-northeast-bs_and_s,network-site-agg-northeast-01,bs_and_s,BS&S,fiber,aggregation_router,RTR-EDGE-2000,aggregation,,,2021-09-15
agg-northeast-cable_two,network-site-agg-northeast-02,cable_two,CableTwo,fiber,aggregation_router,RTR-EDGE-2000,aggregation,,,2019-08-31
agg-northeast-meverse,network-site-agg-northeast-01,meverse,MeVerse,fiber,aggregation_router,RTR-EDGE-2000,aggregation,,,2021-07-03
agg-northeast-moon_link,network-site-agg-northeast-01,moon_link,MoonLink,fiber,aggregation_router,RTR-EDGE-2000,aggregation,,,2022-11-05
agg-northeast-zfinity,network-site-agg-northeast-02,zfinity,Zfinity,fiber,aggregation_router,RTR-EDGE-2000,aggregation,,,2023-10-25
agg-northwest-bs_and_s,network-site-agg-northwest-01,bs_and_s,BS&S,fiber,aggregation_router,RTR-EDGE-2000,aggregation,,,2019-05-18
agg-northwest-cable_two,network-site-agg-northwest-02,cable_two,CableTwo,fiber,aggregation_router,RTR-EDGE-2000,aggregation,,,2025-12-14
agg-northwest-meverse,network-site-agg-northwest-01,meverse,MeVerse,fiber,aggregation_router,RTR-EDGE-2000,aggregation,,,2022-07-04
agg-northwest-moon_link,network-site-agg-northwest-01,moon_link,MoonLink,fiber,aggregation_router,RTR-EDGE-2000,aggregation,,,2025-04-13
agg-northwest-zfinity,network-site-agg-northwest-02,zfinity,Zfinity,fiber,aggregation_router,RTR-EDGE-2000,aggregation,,,2021-05-13
agg-ouachita-bs_and_s,network-site-agg-ouachita-01,bs_and_s,BS&S,fiber,aggregation_router,RTR-EDGE-2000,aggregation,,,2025-08-03
agg-ouachita-cable_two,network-site-agg-ouachita-02,cable_two,CableTwo,fiber,aggregation_router,RTR-EDGE-2000,aggregation,,,2022-08-24
agg-ouachita-meverse,network-site-agg-ouachita-01,meverse,MeVerse,fiber,aggregation_router,RTR-EDGE-2000,aggregation,,,2022-10-03
agg-ouachita-moon_link,network-site-agg-ouachita-01,moon_link,MoonLink,fiber,aggregation_router,RTR-EDGE-2000,aggregation,,,2023-01-06
agg-ouachita-zfinity,network-site-agg-ouachita-02,zfinity,Zfinity,fiber,aggregation_router,RTR-EDGE-2000,aggregation,,,2024-11-16
agg-ozarks-bs_and_s,network-site-agg-ozarks-01,bs_and_s,BS&S,fiber,aggregation_router,RTR-EDGE-2000,aggregation,,,2020-03-17
agg-ozarks-cable_two,network-site-agg-ozarks-02,cable_two,CableTwo,fiber,aggregation_router,RTR-EDGE-2000,aggregation,,,2025-08-01
agg-ozarks-meverse,network-site-agg-ozarks-01,meverse,MeVerse,fiber,aggregation_router,RTR-EDGE-2000,aggregation,,,2023-11-06
agg-ozarks-moon_link,network-site-agg-ozarks-01,moon_link,MoonLink,fiber,aggregation_router,RTR-EDGE-2000,aggregation,,,2025-05-21
agg-ozarks-zfinity,network-site-agg-ozarks-02,zfinity,Zfinity,fiber,aggregation_router,RTR-EDGE-2000,aggregation,,,2025-10-18
agg-river_valley-bs_and_s,network-site-agg-river_valley-01,bs_and_s,BS&S,fiber,aggregation_router,RTR-EDGE-2000,aggregation,,,2023-02-02
agg-river_valley-cable_two,network-site-agg-river_valley-02,cable_two,CableTwo,fiber,aggregation_router,RTR-EDGE-2000,aggregation,,,2025-08-25
agg-river_valley-meverse,network-site-agg-river_valley-01,meverse,MeVerse,fiber,aggregation_router,RTR-EDGE-2000,aggregation,,,2024-05-18
agg-river_valley-moon_link,network-site-agg-river_valley-01,moon_link,MoonLink,fiber,aggregation_router,RTR-EDGE-2000,aggregation,,,2023-07-22
agg-river_valley-zfinity,network-site-agg-river_valley-02,zfinity,Zfinity,fiber,aggregation_router,RTR-EDGE-2000,aggregation,,,2023-06-06
agg-southeast-bs_and_s,network-site-agg-southeast-01,bs_and_s,BS&S,fiber,aggregation_router,RTR-EDGE-2000,aggregation,,,2025-02-23
agg-southeast-cable_two,network-site-agg-southeast-02,cable_two,CableTwo,fiber,aggregation_router,RTR-EDGE-2000,aggregation,,,2020-12-13
agg-southeast-meverse,network-site-agg-southeast-01,meverse,MeVerse,fiber,aggregation_router,RTR-EDGE-2000,aggregation,,,2022-12-27
agg-southeast-moon_link,network-site-agg-southeast-01,moon_link,MoonLink,fiber,aggregation_router,RTR-EDGE-2000,aggregation,,,2019-01-09
agg-southeast-zfinity,network-site-agg-southeast-02,zfinity,Zfinity,fiber,aggregation_router,RTR-EDGE-2000,aggregation,,,2021-01-13
agg-southwest-bs_and_s,network-site-agg-southwest-01,bs_and_s,BS&S,fiber,aggregation_router,RTR-EDGE-2000,aggregation,,,2023-08-21
agg-southwest-cable_two,network-site-agg-southwest-02,cable_two,CableTwo,fiber,aggregation_router,RTR-EDGE-2000,aggregation,,,2019-05-31
agg-southwest-meverse,network-site-agg-southwest-01,meverse,MeVerse,fiber,aggregation_router,RTR-EDGE-2000,aggregation,,,2023-08-12
agg-southwest-moon_link,network-site-agg-southwest-01,moon_link,MoonLink,fiber,aggregation_router,RTR-EDGE-2000,aggregation,,,2023-08-04
agg-southwest-zfinity,network-site-agg-southwest-02,zfinity,Zfinity,fiber,aggregation_router,RTR-EDGE-2000,aggregation,,,2025-10-18
core-bs_and_s-01,network-site-core-bs_and_s,bs_and_s,BS&S,fiber,aggregation_router,RTR-EDGE-3000,backhaul,,,2022-01-30
core-bs_and_s-02,network-site-core-bs_and_s,bs_and_s,BS&S,fiber,aggregation_router,RTR-EDGE-3000,backhaul,,,2021-10-09
core-cable_two-01,network-site-core-cable_two,cable_two,CableTwo,fiber,aggregation_router,RTR-EDGE-3000,backhaul,,,2024-05-03
core-cable_two-02,network-site-core-cable_two,cable_two,CableTwo,fiber,aggregation_router,RTR-EDGE-3000,backhaul,,,2023-04-22
core-meverse-01,network-site-core-meverse,meverse,MeVerse,fiber,aggregation_router,RTR-EDGE-3000,backhaul,,,2021-12-26
core-meverse-02,network-site-core-meverse,meverse,MeVerse,fiber,aggregation_router,RTR-EDGE-3000,backhaul,,,2023-04-22
core-moon_link-01,network-site-core-moon_link,moon_link,MoonLink,fiber,aggregation_router,RTR-EDGE-3000,backhaul,,,2022-09-18
core-moon_link-02,network-site-core-moon_link,moon_link,MoonLink,fiber,aggregation_router,RTR-EDGE-3000,backhaul,,,2019-07-05
core-zfinity-01,network-site-core-zfinity,zfinity,Zfinity,fiber,aggregation_router,RTR-EDGE-3000,backhaul,,,2020-08-17
core-zfinity-02,network-site-core-zfinity,zfinity,Zfinity,fiber,aggregation_router,RTR-EDGE-3000,backhaul,,,2021-12-02
device-0001,site-0001,bs_and_s,BS&S,fiber,ont,ONT-X100,subscriber_edge,500,500,2023-05-18
device-0002,site-0002,cable_two,CableTwo,fiber,ont,ONT-X200,subscriber_edge,500,500,2024-12-25
device-0003,site-0003,moon_link,MoonLink,fiber,ont,ONT-X100,subscriber_edge,500,500,2023-11-17
device-0004,site-0004,zfinity,Zfinity,fiber,ont,ONT-X200,subscriber_edge,300,300,2021-10-04
device-0005,site-0005,zfinity,Zfinity,fiber,ont,ONT-X100,subscriber_edge,1000,1000,2019-11-04
device-0006,site-0006,moon_link,MoonLink,fiber,ont,ONT-X100,subscriber_edge,300,300,2023-07-05
device-0007,site-0007,moon_link,MoonLink,coax,cable_modem,CM-500,subscriber_edge,500,35,2020-08-11
device-0008,site-0008,meverse,MeVerse,fiber,ont,ONT-X100,subscriber_edge,500,500,2024-05-21
device-0009,site-0009,meverse,MeVerse,fiber,ont,ONT-X200,subscriber_edge,500,500,2025-08-15
device-0010,site-0010,meverse,MeVerse,coax,cable_modem,CM-500,subscriber_edge,500,35,2020-09-30
device-0011,site-0011,zfinity,Zfinity,coax,cable_modem,CM-550,subscriber_edge,300,20,2019-01-16
device-0012,site-0012,bs_and_s,BS&S,coax,cable_modem,CM-500,subscriber_edge,1000,50,2025-02-19
device-0013,site-0013,cable_two,CableTwo,fixed_wireless,wireless_cpe,FW-CPE-A,subscriber_edge,100,20,2025-11-02
device-0014,site-0014,meverse,MeVerse,coax,cable_modem,CM-500,subscriber_edge,500,35,2024-09-25
device-0015,site-0015,bs_and_s,BS&S,coax,cable_modem,CM-550,subscriber_edge,500,35,2019-02-06
device-0016,site-0016,cable_two,CableTwo,coax,cable_modem,CM-500,subscriber_edge,500,35,2023-11-30
device-0017,site-0017,moon_link,MoonLink,coax,cable_modem,CM-550,subscriber_edge,500,35,2025-10-27
device-0018,site-0018,meverse,MeVerse,coax,cable_modem,CM-550,subscriber_edge,500,35,2022-01-26
device-0019,site-0019,moon_link,MoonLink,coax,cable_modem,CM-550,subscriber_edge,300,20,2019-08-22
device-0020,site-0020,zfinity,Zfinity,fiber,ont,ONT-X200,subscriber_edge,500,500,2021-06-12
device-0021,site-0021,cable_two,CableTwo,coax,cable_modem,CM-500,subscriber_edge,300,20,2024-11-02
device-0022,site-0022,bs_and_s,BS&S,fixed_wireless,wireless_cpe,FW-CPE-A,subscriber_edge,300,50,2020-11-21
device-0023,site-0023,bs_and_s,BS&S,fiber,ont,ONT-X100,subscriber_edge,500,500,2022-04-21
device-0024,site-0024,moon_link,MoonLink,coax,cable_modem,CM-550,subscriber_edge,1000,50,2020-08-23
device-0025,site-0025,zfinity,Zfinity,fixed_wireless,wireless_cpe,FW-CPE-B,subscriber_edge,200,30,2021-09-06
device-0026,site-0026,zfinity,Zfinity,coax,cable_modem,CM-550,subscriber_edge,500,35,2022-05-16
device-0027,site-0027,bs_and_s,BS&S,fiber,ont,ONT-X100,subscriber_edge,500,500,2025-08-23
device-0028,site-0028,meverse,MeVerse,fiber,ont,ONT-X100,subscriber_edge,500,500,2023-09-19
device-0029,site-0029,meverse,MeVerse,coax,cable_modem,CM-500,subscriber_edge,500,35,2022-03-16
device-0030,site-0030,cable_two,CableTwo,fiber,ont,ONT-X100,subscriber_edge,500,500,2019-06-13
device-0031,site-0031,bs_and_s,BS&S,fiber,ont,ONT-X200,subscriber_edge,500,500,2020-11-27
device-0032,site-0032,moon_link,MoonLink,satellite,satellite_terminal,SAT-A1,subscriber_edge,100,15,2025-06-15
device-0033,site-0033,moon_link,MoonLink,coax,cable_modem,CM-500,subscriber_edge,1000,50,2020-03-24
device-0034,site-0034,moon_link,MoonLink,fixed_wireless,wireless_cpe,FW-CPE-A,subscriber_edge,200,30,2023-06-29
device-0035,site-0035,zfinity,Zfinity,fiber,ont,ONT-X100,subscriber_edge,500,500,2025-05-02
device-0036,site-0036,zfinity,Zfinity,satellite,satellite_terminal,SAT-A2,subscriber_edge,150,20,2023-07-02
device-0037,site-0037,moon_link,MoonLink,coax,cable_modem,CM-500,subscriber_edge,500,35,2025-01-25
device-0038,site-0038,cable_two,CableTwo,coax,cable_modem,CM-500,subscriber_edge,500,35,2023-03-29
device-0039,site-0039,zfinity,Zfinity,coax,cable_modem,CM-500,subscriber_edge,1000,50,2019-03-30
device-0040,site-0040,bs_and_s,BS&S,fixed_wireless,wireless_cpe,FW-CPE-A,subscriber_edge,300,50,2023-06-14
device-0041,site-0041,meverse,MeVerse,fiber,ont,ONT-X200,subscriber_edge,500,500,2021-03-27
device-0042,site-0042,moon_link,MoonLink,coax,cable_modem,CM-500,subscriber_edge,1000,50,2019-10-15
device-0043,site-0043,zfinity,Zfinity,coax,cable_modem,CM-500,subscriber_edge,300,20,2022-05-22
device-0044,site-0044,meverse,MeVerse,coax,cable_modem,CM-500,subscriber_edge,1000,50,2019-03-09
device-0045,site-0045,cable_two,CableTwo,coax,cable_modem,CM-550,subscriber_edge,500,35,2021-03-06
device-0046,site-0046,cable_two,CableTwo,fiber,ont,ONT-X200,subscriber_edge,500,500,2021-08-23
device-0047,site-0047,zfinity,Zfinity,fiber,ont,ONT-X200,subscriber_edge,500,500,2024-03-06
device-0048,site-0048,bs_and_s,BS&S,fiber,ont,ONT-X100,subscriber_edge,500,500,2022-12-03
device-0049,site-0049,moon_link,MoonLink,fiber,ont,ONT-X200,subscriber_edge,1000,1000,2023-05-01
device-0050,site-0050,bs_and_s,BS&S,coax,cable_modem,CM-550,subscriber_edge,1000,50,2022-03-29
device-0051,site-0051,meverse,MeVerse,fiber,ont,ONT-X100,subscriber_edge,300,300,2020-04-16
device-0052,site-0052,zfinity,Zfinity,coax,cable_modem,CM-500,subscriber_edge,1000,50,2021-12-05
device-0053,site-0053,cable_two,CableTwo,satellite,satellite_terminal,SAT-A1,subscriber_edge,150,20,2020-07-18
device-0054,site-0054,moon_link,MoonLink,fiber,ont,ONT-X200,subscriber_edge,500,500,2022-10-26
device-0055,site-0055,moon_link,MoonLink,fiber,ont,ONT-X200,subscriber_edge,500,500,2021-01-25
device-0056,site-0056,zfinity,Zfinity,fixed_wireless,wireless_cpe,FW-CPE-B,subscriber_edge,200,30,2025-05-07
device-0057,site-0057,meverse,MeVerse,fixed_wireless,wireless_cpe,FW-CPE-A,subscriber_edge,200,30,2020-07-02
device-0058,site-0058,moon_link,MoonLink,coax,cable_modem,CM-500,subscriber_edge,300,20,2023-01-11
device-0059,site-0059,moon_link,MoonLink,fiber,ont,ONT-X100,subscriber_edge,500,500,2020-12-16
device-0060,site-0060,meverse,MeVerse,coax,cable_modem,CM-500,subscriber_edge,500,35,2021-02-14
device-0061,site-0061,bs_and_s,BS&S,coax,cable_modem,CM-500,subscriber_edge,300,20,2024-09-25
device-0062,site-0062,cable_two,CableTwo,fiber,ont,ONT-X100,subscriber_edge,1000,1000,2023-08-26
device-0063,site-0063,bs_and_s,BS&S,fiber,ont,ONT-X100,subscriber_edge,500,500,2022-10-20
device-0064,site-0064,meverse,MeVerse,coax,cable_modem,CM-550,subscriber_edge,500,35,2022-01-11
device-0065,site-0065,zfinity,Zfinity,fiber,ont,ONT-X100,subscriber_edge,300,300,2021-11-20
device-0066,site-0066,meverse,MeVerse,fixed_wireless,wireless_cpe,FW-CPE-B,subscriber_edge,300,50,2022-06-17
device-0067,site-0067,meverse,MeVerse,fiber,ont,ONT-X100,subscriber_edge,1000,1000,2022-09-06
device-0068,site-0068,bs_and_s,BS&S,coax,cable_modem,CM-500,subscriber_edge,500,35,2025-08-07
device-0069,site-0069,cable_two,CableTwo,fiber,ont,ONT-X100,subscriber_edge,1000,1000,2021-03-09
device-0070,site-0070,bs_and_s,BS&S,satellite,satellite_terminal,SAT-A2,subscriber_edge,100,15,2022-01-02
device-0071,site-0071,meverse,MeVerse,fiber,ont,ONT-X200,subscriber_edge,1000,1000,2021-06-23
device-0072,site-0072,moon_link,MoonLink,fiber,ont,ONT-X200,subscriber_edge,500,500,2024-07-30
device-0073,site-0073,cable_two,CableTwo,fiber,ont,ONT-X200,subscriber_edge,500,500,2025-03-22
device-0074,site-0074,moon_link,MoonLink,fixed_wireless,wireless_cpe,FW-CPE-B,subscriber_edge,100,20,2020-07-10
device-0075,site-0075,bs_and_s,BS&S,coax,cable_modem,CM-500,subscriber_edge,500,35,2025-12-16
device-0076,site-0076,bs_and_s,BS&S,fiber,ont,ONT-X200,subscriber_edge,300,300,2022-08-29
device-0077,site-0077,bs_and_s,BS&S,fiber,ont,ONT-X200,subscriber_edge,1000,1000,2021-04-08
device-0078,site-0078,bs_and_s,BS&S,fiber,ont,ONT-X200,subscriber_edge,1000,1000,2025-03-03
device-0079,site-0079,moon_link,MoonLink,fiber,ont,ONT-X100,subscriber_edge,500,500,2023-10-01
device-0080,site-0080,cable_two,CableTwo,fixed_wireless,wireless_cpe,FW-CPE-A,subscriber_edge,100,20,2021-05-29
device-0081,site-0081,zfinity,Zfinity,fiber,ont,ONT-X100,subscriber_edge,1000,1000,2023-01-20
device-0082,site-0082,meverse,MeVerse,fixed_wireless,wireless_cpe,FW-CPE-A,subscriber_edge,200,30,2022-02-03
device-0083,site-0083,zfinity,Zfinity,coax,cable_modem,CM-550,subscriber_edge,300,20,2023-03-30
device-0084,site-0084,cable_two,CableTwo,fiber,ont,ONT-X200,subscriber_edge,500,500,2024-05-18
device-0085,site-0085,cable_two,CableTwo,coax,cable_modem,CM-500,subscriber_edge,1000,50,2020-02-03
device-0086,site-0086,meverse,MeVerse,satellite,satellite_terminal,SAT-A1,subscriber_edge,150,20,2024-09-19
device-0087,site-0087,zfinity,Zfinity,fiber,ont,ONT-X100,subscriber_edge,500,500,2023-06-03
device-0088,site-0088,cable_two,CableTwo,fiber,ont,ONT-X100,subscriber_edge,500,500,2019-08-24
device-0089,site-0089,zfinity,Zfinity,fiber,ont,ONT-X100,subscriber_edge,500,500,2021-07-16
device-0090,site-0090,moon_link,MoonLink,fiber,ont,ONT-X100,subscriber_edge,1000,1000,2021-09-10
device-0091,site-0091,bs_and_s,BS&S,fiber,ont,ONT-X100,subscriber_edge,500,500,2024-09-25
device-0092,site-0092,bs_and_s,BS&S,fiber,ont,ONT-X200,subscriber_edge,500,500,2022-05-10
device-0093,site-0093,cable_two,CableTwo,fiber,ont,ONT-X100,subscriber_edge,300,300,2024-09-04
device-0094,site-0094,bs_and_s,BS&S,fiber,ont,ONT-X100,subscriber_edge,500,500,2020-12-15
device-0095,site-0095,zfinity,Zfinity,fiber,ont,ONT-X100,subscriber_edge,1000,1000,2021-07-04
device-0096,site-0096,cable_two,CableTwo,fixed_wireless,wireless_cpe,FW-CPE-B,subscriber_edge,200,30,2020-12-17
device-0097,site-0097,zfinity,Zfinity,coax,cable_modem,CM-500,subscriber_edge,500,35,2024-12-11
device-0098,site-0098,moon_link,MoonLink,fiber,ont,ONT-X100,subscriber_edge,1000,1000,2023-05-30
device-0099,site-0099,moon_link,MoonLink,fixed_wireless,wireless_cpe,FW-CPE-B,subscriber_edge,300,50,2025-11-01
device-0100,site-0100,bs_and_s,BS&S,fixed_wireless,wireless_cpe,FW-CPE-A,subscriber_edge,300,50,2021-07-25
device-0101,site-0101,bs_and_s,BS&S,fixed_wireless,wireless_cpe,FW-CPE-A,subscriber_edge,200,30,2023-11-26
device-0102,site-0102,zfinity,Zfinity,fiber,ont,ONT-X100,subscriber_edge,300,300,2020-07-20
device-0103,site-0103,cable_two,CableTwo,coax,cable_modem,CM-550,subscriber_edge,300,20,2025-10-07
device-0104,site-0104,bs_and_s,BS&S,fixed_wireless,wireless_cpe,FW-CPE-A,subscriber_edge,100,20,2025-05-11
device-0105,site-0105,meverse,MeVerse,coax,cable_modem,CM-550,subscriber_edge,500,35,2025-10-15
device-0106,site-0106,meverse,MeVerse,fiber,ont,ONT-X100,subscriber_edge,500,500,2025-05-26
device-0107,site-0107,cable_two,CableTwo,coax,cable_modem,CM-500,subscriber_edge,500,35,2019-12-14
device-0108,site-0108,cable_two,CableTwo,fiber,ont,ONT-X200,subscriber_edge,500,500,2025-05-24
device-0109,site-0109,moon_link,MoonLink,fiber,ont,ONT-X100,subscriber_edge,1000,1000,2021-01-30
device-0110,site-0110,bs_and_s,BS&S,coax,cable_modem,CM-500,subscriber_edge,300,20,2023-03-07
device-0111,site-0111,meverse,MeVerse,fiber,ont,ONT-X200,subscriber_edge,500,500,2019-11-20
device-0112,site-0112,zfinity,Zfinity,fiber,ont,ONT-X100,subscriber_edge,500,500,2023-06-11
device-0113,site-0113,cable_two,CableTwo,coax,cable_modem,CM-550,subscriber_edge,300,20,2024-04-07
device-0114,site-0114,moon_link,MoonLink,fiber,ont,ONT-X200,subscriber_edge,500,500,2022-09-02
device-0115,site-0115,bs_and_s,BS&S,fiber,ont,ONT-X100,subscriber_edge,500,500,2022-07-04
device-0116,site-0116,meverse,MeVerse,fiber,ont,ONT-X200,subscriber_edge,500,500,2021-03-27
device-0117,site-0117,meverse,MeVerse,fixed_wireless,wireless_cpe,FW-CPE-B,subscriber_edge,300,50,2022-02-08
device-0118,site-0118,moon_link,MoonLink,satellite,satellite_terminal,SAT-A2,subscriber_edge,100,15,2021-10-04
device-0119,site-0119,meverse,MeVerse,coax,cable_modem,CM-500,subscriber_edge,500,35,2022-12-24
device-0120,site-0120,zfinity,Zfinity,coax,cable_modem,CM-550,subscriber_edge,1000,50,2019-04-07
device-0121,site-0121,zfinity,Zfinity,coax,cable_modem,CM-500,subscriber_edge,300,20,2024-09-18
device-0122,site-0122,bs_and_s,BS&S,coax,cable_modem,CM-500,subscriber_edge,300,20,2021-11-24
device-0123,site-0123,cable_two,CableTwo,coax,cable_modem,CM-500,subscriber_edge,300,20,2020-11-13
device-0124,site-0124,meverse,MeVerse,fiber,ont,ONT-X100,subscriber_edge,300,300,2023-12-14
device-0125,site-0125,moon_link,MoonLink,fixed_wireless,wireless_cpe,FW-CPE-A,subscriber_edge,100,20,2025-12-24
device-0126,site-0126,zfinity,Zfinity,fiber,ont,ONT-X100,subscriber_edge,1000,1000,2021-05-24
device-0127,site-0127,meverse,MeVerse,fixed_wireless,wireless_cpe,FW-CPE-B,subscriber_edge,200,30,2023-12-23
device-0128,site-0128,zfinity,Zfinity,fiber,ont,ONT-X100,subscriber_edge,1000,1000,2019-12-07
device-0129,site-0129,bs_and_s,BS&S,coax,cable_modem,CM-550,subscriber_edge,500,35,2019-11-11
device-0130,site-0130,moon_link,MoonLink,fixed_wireless,wireless_cpe,FW-CPE-B,subscriber_edge,200,30,2023-09-03
device-0131,site-0131,bs_and_s,BS&S,fiber,ont,ONT-X200,subscriber_edge,1000,1000,2019-06-28
device-0132,site-0132,moon_link,MoonLink,fixed_wireless,wireless_cpe,FW-CPE-A,subscriber_edge,200,30,2024-04-15
device-0133,site-0133,moon_link,MoonLink,coax,cable_modem,CM-500,subscriber_edge,500,35,2019-12-03
device-0134,site-0134,meverse,MeVerse,fiber,ont,ONT-X100,subscriber_edge,500,500,2025-04-13
device-0135,site-0135,moon_link,MoonLink,coax,cable_modem,CM-500,subscriber_edge,1000,50,2024-07-07
device-0136,site-0136,cable_two,CableTwo,fixed_wireless,wireless_cpe,FW-CPE-A,subscriber_edge,200,30,2021-04-18
device-0137,site-0137,cable_two,CableTwo,fiber,ont,ONT-X200,subscriber_edge,500,500,2021-11-24
device-0138,site-0138,zfinity,Zfinity,fixed_wireless,wireless_cpe,FW-CPE-B,subscriber_edge,300,50,2021-09-29
device-0139,site-0139,bs_and_s,BS&S,coax,cable_modem,CM-500,subscriber_edge,1000,50,2019-04-26
device-0140,site-0140,zfinity,Zfinity,fixed_wireless,wireless_cpe,FW-CPE-B,subscriber_edge,300,50,2025-03-04
device-0141,site-0141,zfinity,Zfinity,satellite,satellite_terminal,SAT-A1,subscriber_edge,150,20,2025-03-09
device-0142,site-0142,bs_and_s,BS&S,coax,cable_modem,CM-550,subscriber_edge,300,20,2020-01-25
device-0143,site-0143,meverse,MeVerse,coax,cable_modem,CM-500,subscriber_edge,300,20,2022-08-05
device-0144,site-0144,zfinity,Zfinity,coax,cable_modem,CM-500,subscriber_edge,1000,50,2025-07-17
device-0145,site-0145,moon_link,MoonLink,coax,cable_modem,CM-500,subscriber_edge,1000,50,2025-01-17
device-0146,site-0146,cable_two,CableTwo,coax,cable_modem,CM-550,subscriber_edge,1000,50,2023-11-27
device-0147,site-0147,moon_link,MoonLink,fiber,ont,ONT-X100,subscriber_edge,500,500,2023-10-06
device-0148,site-0148,cable_two,CableTwo,coax,cable_modem,CM-550,subscriber_edge,1000,50,2024-03-04
device-0149,site-0149,meverse,MeVerse,fiber,ont,ONT-X200,subscriber_edge,1000,1000,2023-07-03
device-0150,site-0150,meverse,MeVerse,satellite,satellite_terminal,SAT-A1,subscriber_edge,150,20,2025-10-12
device-0151,site-0151,zfinity,Zfinity,coax,cable_modem,CM-550,subscriber_edge,300,20,2019-07-15
device-0152,site-0152,cable_two,CableTwo,fiber,ont,ONT-X100,subscriber_edge,500,500,2023-08-03
device-0153,site-0153,meverse,MeVerse,fixed_wireless,wireless_cpe,FW-CPE-B,subscriber_edge,300,50,2023-12-24
device-0154,site-0154,meverse,MeVerse,coax,cable_modem,CM-550,subscriber_edge,1000,50,2023-08-10
device-0155,site-0155,cable_two,CableTwo,coax,cable_modem,CM-550,subscriber_edge,1000,50,2025-01-18
device-0156,site-0156,cable_two,CableTwo,fiber,ont,ONT-X100,subscriber_edge,1000,1000,2020-02-06
device-0157,site-0157,cable_two,CableTwo,fixed_wireless,wireless_cpe,FW-CPE-A,subscriber_edge,200,30,2025-11-14
device-0158,site-0158,bs_and_s,BS&S,fiber,ont,ONT-X100,subscriber_edge,1000,1000,2020-05-05
device-0159,site-0159,moon_link,MoonLink,fixed_wireless,wireless_cpe,FW-CPE-B,subscriber_edge,200,30,2025-05-26
device-0160,site-0160,meverse,MeVerse,coax,cable_modem,CM-500,subscriber_edge,500,35,2021-08-18
device-0161,site-0161,meverse,MeVerse,coax,cable_modem,CM-500,subscriber_edge,1000,50,2023-11-15
device-0162,site-0162,bs_and_s,BS&S,coax,cable_modem,CM-500,subscriber_edge,500,35,2025-07-20
device-0163,site-0163,meverse,MeVerse,coax,cable_modem,CM-550,subscriber_edge,300,20,2023-09-09
device-0164,site-0164,zfinity,Zfinity,coax,cable_modem,CM-500,subscriber_edge,1000,50,2022-09-02
device-0165,site-0165,meverse,MeVerse,coax,cable_modem,CM-500,subscriber_edge,300,20,2020-09-01
device-0166,site-0166,moon_link,MoonLink,fixed_wireless,wireless_cpe,FW-CPE-A,subscriber_edge,300,50,2021-12-09
device-0167,site-0167,meverse,MeVerse,fiber,ont,ONT-X100,subscriber_edge,500,500,2021-11-03
device-0168,site-0168,zfinity,Zfinity,coax,cable_modem,CM-550,subscriber_edge,500,35,2021-11-05
device-0169,site-0169,cable_two,CableTwo,fiber,ont,ONT-X100,subscriber_edge,1000,1000,2020-11-03
device-0170,site-0170,moon_link,MoonLink,fiber,ont,ONT-X100,subscriber_edge,300,300,2022-03-05
device-0171,site-0171,moon_link,MoonLink,fiber,ont,ONT-X100,subscriber_edge,300,300,2023-05-08
device-0172,site-0172,zfinity,Zfinity,fiber,ont,ONT-X100,subscriber_edge,300,300,2022-09-09
device-0173,site-0173,moon_link,MoonLink,fixed_wireless,wireless_cpe,FW-CPE-B,subscriber_edge,300,50,2019-05-19
device-0174,site-0174,moon_link,MoonLink,fiber,ont,ONT-X200,subscriber_edge,300,300,2025-10-23
device-0175,site-0175,zfinity,Zfinity,coax,cable_modem,CM-550,subscriber_edge,500,35,2025-10-11
device-0176,site-0176,moon_link,MoonLink,satellite,satellite_terminal,SAT-A1,subscriber_edge,150,20,2022-07-26
device-0177,site-0177,zfinity,Zfinity,fiber,ont,ONT-X200,subscriber_edge,1000,1000,2019-11-06
device-0178,site-0178,meverse,MeVerse,coax,cable_modem,CM-500,subscriber_edge,500,35,2024-07-18
device-0179,site-0179,cable_two,CableTwo,coax,cable_modem,CM-550,subscriber_edge,300,20,2020-05-06
device-0180,site-0180,cable_two,CableTwo,coax,cable_modem,CM-550,subscriber_edge,500,35,2024-01-15
device-0181,site-0181,zfinity,Zfinity,coax,cable_modem,CM-500,subscriber_edge,300,20,2020-11-13
device-0182,site-0182,bs_and_s,BS&S,coax,cable_modem,CM-500,subscriber_edge,1000,50,2022-05-12
device-0183,site-0183,moon_link,MoonLink,fiber,ont,ONT-X200,subscriber_edge,500,500,2023-03-30
device-0184,site-0184,moon_link,MoonLink,satellite,satellite_terminal,SAT-A1,subscriber_edge,150,20,2022-08-06
device-0185,site-0185,zfinity,Zfinity,coax,cable_modem,CM-550,subscriber_edge,500,35,2025-12-06
device-0186,site-0186,cable_two,CableTwo,fiber,ont,ONT-X100,subscriber_edge,500,500,2020-09-06
device-0187,site-0187,meverse,MeVerse,fixed_wireless,wireless_cpe,FW-CPE-A,subscriber_edge,200,30,2020-02-13
device-0188,site-0188,meverse,MeVerse,fiber,ont,ONT-X100,subscriber_edge,300,300,2023-12-22
device-0189,site-0189,bs_and_s,BS&S,coax,cable_modem,CM-500,subscriber_edge,500,35,2021-10-02
device-0190,site-0190,cable_two,CableTwo,coax,cable_modem,CM-550,subscriber_edge,500,35,2020-09-19
device-0191,site-0191,moon_link,MoonLink,fiber,ont,ONT-X200,subscriber_edge,500,500,2023-07-13
device-0192,site-0192,zfinity,Zfinity,fiber,ont,ONT-X100,subscriber_edge,300,300,2025-09-24
device-0193,site-0193,meverse,MeVerse,fiber,ont,ONT-X100,subscriber_edge,500,500,2020-02-02
device-0194,site-0194,meverse,MeVerse,coax,cable_modem,CM-550,subscriber_edge,1000,50,2022-12-20
device-0195,site-0195,moon_link,MoonLink,fiber,ont,ONT-X200,subscriber_edge,500,500,2021-03-19
device-0196,site-0196,zfinity,Zfinity,fiber,ont,ONT-X100,subscriber_edge,300,300,2020-09-12
device-0197,site-0197,bs_and_s,BS&S,fiber,ont,ONT-X100,subscriber_edge,300,300,2023-10-17
device-0198,site-0198,meverse,MeVerse,coax,cable_modem,CM-550,subscriber_edge,300,20,2024-08-28
device-0199,site-0199,moon_link,MoonLink,fixed_wireless,wireless_cpe,FW-CPE-B,subscriber_edge,200,30,2025-10-14
device-0200,site-0200,zfinity,Zfinity,coax,cable_modem,CM-500,subscriber_edge,1000,50,2022-10-20
device-0201,site-0201,meverse,MeVerse,fiber,ont,ONT-X200,subscriber_edge,1000,1000,2025-06-22
device-0202,site-0202,meverse,MeVerse,fiber,ont,ONT-X100,subscriber_edge,1000,1000,2023-09-23
device-0203,site-0203,meverse,MeVerse,coax,cable_modem,CM-550,subscriber_edge,1000,50,2021-02-01
device-0204,site-0204,bs_and_s,BS&S,coax,cable_modem,CM-500,subscriber_edge,300,20,2020-08-03
device-0205,site-0205,cable_two,CableTwo,fiber,ont,ONT-X100,subscriber_edge,500,500,2022-01-21
device-0206,site-0206,moon_link,MoonLink,fixed_wireless,wireless_cpe,FW-CPE-A,subscriber_edge,200,30,2021-02-12
device-0207,site-0207,moon_link,MoonLink,fiber,ont,ONT-X200,subscriber_edge,500,500,2025-06-18
device-0208,site-0208,zfinity,Zfinity,coax,cable_modem,CM-500,subscriber_edge,300,20,2020-09-28
device-0209,site-0209,meverse,MeVerse,fiber,ont,ONT-X200,subscriber_edge,500,500,2023-09-14
device-0210,site-0210,meverse,MeVerse,fiber,ont,ONT-X100,subscriber_edge,500,500,2024-11-27
device-0211,site-0211,zfinity,Zfinity,coax,cable_modem,CM-500,subscriber_edge,500,35,2021-01-07
device-0212,site-0212,cable_two,CableTwo,coax,cable_modem,CM-500,subscriber_edge,500,35,2019-02-13
device-0213,site-0213,bs_and_s,BS&S,coax,cable_modem,CM-500,subscriber_edge,500,35,2022-05-06
device-0214,site-0214,zfinity,Zfinity,coax,cable_modem,CM-550,subscriber_edge,500,35,2023-06-30
device-0215,site-0215,cable_two,CableTwo,coax,cable_modem,CM-550,subscriber_edge,1000,50,2022-12-18
device-0216,site-0216,bs_and_s,BS&S,coax,cable_modem,CM-500,subscriber_edge,500,35,2020-11-08
device-0217,site-0217,meverse,MeVerse,coax,cable_modem,CM-500,subscriber_edge,1000,50,2022-12-14
device-0218,site-0218,cable_two,CableTwo,fiber,ont,ONT-X100,subscriber_edge,1000,1000,2021-08-06
device-0219,site-0219,moon_link,MoonLink,fixed_wireless,wireless_cpe,FW-CPE-A,subscriber_edge,300,50,2022-03-28
device-0220,site-0220,zfinity,Zfinity,fiber,ont,ONT-X100,subscriber_edge,500,500,2025-01-10
device-0221,site-0221,bs_and_s,BS&S,coax,cable_modem,CM-550,subscriber_edge,1000,50,2024-04-04
device-0222,site-0222,moon_link,MoonLink,fiber,ont,ONT-X100,subscriber_edge,500,500,2023-12-17
device-0223,site-0223,cable_two,CableTwo,coax,cable_modem,CM-550,subscriber_edge,500,35,2025-05-31
device-0224,site-0224,cable_two,CableTwo,coax,cable_modem,CM-550,subscriber_edge,300,20,2024-10-16
device-0225,site-0225,bs_and_s,BS&S,fiber,ont,ONT-X100,subscriber_edge,300,300,2021-08-20
device-0226,site-0226,zfinity,Zfinity,coax,cable_modem,CM-500,subscriber_edge,1000,50,2024-02-16
device-0227,site-0227,moon_link,MoonLink,fiber,ont,ONT-X200,subscriber_edge,1000,1000,2020-09-29
device-0228,site-0228,zfinity,Zfinity,fiber,ont,ONT-X200,subscriber_edge,300,300,2019-02-13
device-0229,site-0229,bs_and_s,BS&S,coax,cable_modem,CM-550,subscriber_edge,500,35,2019-12-02
device-0230,site-0230,cable_two,CableTwo,coax,cable_modem,CM-500,subscriber_edge,500,35,2024-11-03
device-0231,site-0231,bs_and_s,BS&S,fiber,ont,ONT-X200,subscriber_edge,500,500,2022-11-08
device-0232,site-0232,cable_two,CableTwo,fiber,ont,ONT-X100,subscriber_edge,300,300,2021-12-24
device-0233,site-0233,bs_and_s,BS&S,fiber,ont,ONT-X200,subscriber_edge,300,300,2019-06-07
device-0234,site-0234,zfinity,Zfinity,coax,cable_modem,CM-550,subscriber_edge,300,20,2024-11-02
device-0235,site-0235,moon_link,MoonLink,fixed_wireless,wireless_cpe,FW-CPE-A,subscriber_edge,100,20,2020-08-06
device-0236,site-0236,bs_and_s,BS&S,coax,cable_modem,CM-500,subscriber_edge,1000,50,2019-03-04
device-0237,site-0237,bs_and_s,BS&S,fiber,ont,ONT-X100,subscriber_edge,300,300,2025-03-03
device-0238,site-0238,bs_and_s,BS&S,fiber,ont,ONT-X200,subscriber_edge,500,500,2019-09-28
device-0239,site-0239,cable_two,CableTwo,fiber,ont,ONT-X100,subscriber_edge,1000,1000,2023-06-24
device-0240,site-0240,bs_and_s,BS&S,fiber,ont,ONT-X200,subscriber_edge,500,500,2019-12-05
device-0241,site-0241,cable_two,CableTwo,fiber,ont,ONT-X100,subscriber_edge,500,500,2022-10-08
device-0242,site-0242,zfinity,Zfinity,coax,cable_modem,CM-550,subscriber_edge,500,35,2021-11-04
device-0243,site-0243,zfinity,Zfinity,coax,cable_modem,CM-550,subscriber_edge,300,20,2023-05-13
device-0244,site-0244,zfinity,Zfinity,fiber,ont,ONT-X100,subscriber_edge,1000,1000,2023-08-07
device-0245,site-0245,cable_two,CableTwo,fiber,ont,ONT-X100,subscriber_edge,500,500,2021-08-18
device-0246,site-0246,moon_link,MoonLink,satellite,satellite_terminal,SAT-A1,subscriber_edge,100,15,2024-07-19
device-0247,site-0247,cable_two,CableTwo,coax,cable_modem,CM-550,subscriber_edge,500,35,2020-06-25
device-0248,site-0248,bs_and_s,BS&S,fiber,ont,ONT-X100,subscriber_edge,500,500,2022-09-27
device-0249,site-0249,zfinity,Zfinity,fiber,ont,ONT-X100,subscriber_edge,500,500,2023-10-03
device-0250,site-0250,bs_and_s,BS&S,coax,cable_modem,CM-500,subscriber_edge,1000,50,2023-07-18
device-0251,site-0251,moon_link,MoonLink,fixed_wireless,wireless_cpe,FW-CPE-A,subscriber_edge,300,50,2024-01-05
device-0252,site-0252,zfinity,Zfinity,fiber,ont,ONT-X100,subscriber_edge,1000,1000,2023-02-08
device-0253,site-0253,cable_two,CableTwo,coax,cable_modem,CM-550,subscriber_edge,500,35,2025-01-17
device-0254,site-0254,cable_two,CableTwo,coax,cable_modem,CM-500,subscriber_edge,500,35,2025-05-05
device-0255,site-0255,zfinity,Zfinity,coax,cable_modem,CM-500,subscriber_edge,500,35,2025-07-04
device-0256,site-0256,cable_two,CableTwo,fiber,ont,ONT-X100,subscriber_edge,300,300,2024-03-12
device-0257,site-0257,bs_and_s,BS&S,coax,cable_modem,CM-500,subscriber_edge,500,35,2024-07-17
device-0258,site-0258,bs_and_s,BS&S,coax,cable_modem,CM-500,subscriber_edge,300,20,2025-05-23
device-0259,site-0259,cable_two,CableTwo,coax,cable_modem,CM-500,subscriber_edge,500,35,2022-02-05
device-0260,site-0260,meverse,MeVerse,fiber,ont,ONT-X100,subscriber_edge,500,500,2021-12-25
device-0261,site-0261,moon_link,MoonLink,fixed_wireless,wireless_cpe,FW-CPE-A,subscriber_edge,200,30,2023-07-03
device-0262,site-0262,cable_two,CableTwo,coax,cable_modem,CM-550,subscriber_edge,1000,50,2024-11-28
device-0263,site-0263,bs_and_s,BS&S,coax,cable_modem,CM-550,subscriber_edge,500,35,2023-06-17
device-0264,site-0264,moon_link,MoonLink,fixed_wireless,wireless_cpe,FW-CPE-A,subscriber_edge,200,30,2019-05-27
device-0265,site-0265,meverse,MeVerse,satellite,satellite_terminal,SAT-A1,subscriber_edge,100,15,2025-06-04
device-0266,site-0266,cable_two,CableTwo,coax,cable_modem,CM-500,subscriber_edge,500,35,2019-03-21
device-0267,site-0267,meverse,MeVerse,fiber,ont,ONT-X200,subscriber_edge,1000,1000,2025-12-30
device-0268,site-0268,meverse,MeVerse,coax,cable_modem,CM-550,subscriber_edge,300,20,2023-05-05
device-0269,site-0269,zfinity,Zfinity,fiber,ont,ONT-X100,subscriber_edge,1000,1000,2024-09-19
device-0270,site-0270,bs_and_s,BS&S,fixed_wireless,wireless_cpe,FW-CPE-A,subscriber_edge,300,50,2021-05-13
device-0271,site-0271,cable_two,CableTwo,coax,cable_modem,CM-500,subscriber_edge,500,35,2021-11-19
device-0272,site-0272,bs_and_s,BS&S,fixed_wireless,wireless_cpe,FW-CPE-B,subscriber_edge,300,50,2024-10-21
device-0273,site-0273,zfinity,Zfinity,coax,cable_modem,CM-500,subscriber_edge,1000,50,2019-09-17
device-0274,site-0274,meverse,MeVerse,fiber,ont,ONT-X200,subscriber_edge,300,300,2022-03-12
device-0275,site-0275,cable_two,CableTwo,coax,cable_modem,CM-550,subscriber_edge,500,35,2024-04-30
device-0276,site-0276,meverse,MeVerse,fiber,ont,ONT-X200,subscriber_edge,1000,1000,2022-01-03
device-0277,site-0277,zfinity,Zfinity,fixed_wireless,wireless_cpe,FW-CPE-A,subscriber_edge,100,20,2023-11-09
device-0278,site-0278,cable_two,CableTwo,coax,cable_modem,CM-500,subscriber_edge,300,20,2023-08-24
device-0279,site-0279,cable_two,CableTwo,coax,cable_modem,CM-500,subscriber_edge,1000,50,2019-06-18
device-0280,site-0280,meverse,MeVerse,fiber,ont,ONT-X100,subscriber_edge,1000,1000,2019-10-25
device-0281,site-0281,zfinity,Zfinity,fiber,ont,ONT-X200,subscriber_edge,300,300,2019-12-21
device-0282,site-0282,meverse,MeVerse,fixed_wireless,wireless_cpe,FW-CPE-A,subscriber_edge,200,30,2023-04-08
device-0283,site-0283,zfinity,Zfinity,fiber,ont,ONT-X200,subscriber_edge,500,500,2021-07-04
device-0284,site-0284,meverse,MeVerse,fiber,ont,ONT-X200,subscriber_edge,500,500,2024-04-24
device-0285,site-0285,bs_and_s,BS&S,fiber,ont,ONT-X100,subscriber_edge,500,500,2022-07-14
device-0286,site-0286,zfinity,Zfinity,fiber,ont,ONT-X200,subscriber_edge,500,500,2024-05-23
device-0287,site-0287,zfinity,Zfinity,fiber,ont,ONT-X100,subscriber_edge,500,500,2021-08-18
device-0288,site-0288,cable_two,CableTwo,coax,cable_modem,CM-550,subscriber_edge,500,35,2025-06-05
device-0289,site-0289,bs_and_s,BS&S,fixed_wireless,wireless_cpe,FW-CPE-B,subscriber_edge,200,30,2020-08-13
device-0290,site-0290,bs_and_s,BS&S,fiber,ont,ONT-X100,subscriber_edge,300,300,2023-03-11
device-0291,site-0291,cable_two,CableTwo,fixed_wireless,wireless_cpe,FW-CPE-B,subscriber_edge,200,30,2019-07-27
device-0292,site-0292,meverse,MeVerse,fixed_wireless,wireless_cpe,FW-CPE-A,subscriber_edge,100,20,2019-05-06
device-0293,site-0293,meverse,MeVerse,fiber,ont,ONT-X200,subscriber_edge,300,300,2019-08-06
device-0294,site-0294,cable_two,CableTwo,fixed_wireless,wireless_cpe,FW-CPE-B,subscriber_edge,200,30,2022-09-09
device-0295,site-0295,cable_two,CableTwo,coax,cable_modem,CM-500,subscriber_edge,1000,50,2025-04-17
device-0296,site-0296,moon_link,MoonLink,satellite,satellite_terminal,SAT-A2,subscriber_edge,150,20,2020-06-03
device-0297,site-0297,meverse,MeVerse,fiber,ont,ONT-X100,subscriber_edge,300,300,2021-05-12
device-0298,site-0298,bs_and_s,BS&S,fiber,ont,ONT-X100,subscriber_edge,300,300,2020-01-26
device-0299,site-0299,meverse,MeVerse,fixed_wireless,wireless_cpe,FW-CPE-B,subscriber_edge,200,30,2023-03-21
device-0300,site-0300,cable_two,CableTwo,coax,cable_modem,CM-550,subscriber_edge,300,20,2022-12-24
device-0301,site-0301,cable_two,CableTwo,coax,cable_modem,CM-550,subscriber_edge,500,35,2020-10-20
device-0302,site-0302,moon_link,MoonLink,fixed_wireless,wireless_cpe,FW-CPE-B,subscriber_edge,100,20,2024-04-09
device-0303,site-0303,cable_two,CableTwo,coax,cable_modem,CM-550,subscriber_edge,1000,50,2025-10-09
device-0304,site-0304,bs_and_s,BS&S,fiber,ont,ONT-X200,subscriber_edge,500,500,2022-09-25
device-0305,site-0305,bs_and_s,BS&S,fiber,ont,ONT-X200,subscriber_edge,1000,1000,2021-10-29
device-0306,site-0306,bs_and_s,BS&S,fixed_wireless,wireless_cpe,FW-CPE-A,subscriber_edge,100,20,2022-11-06
device-0307,site-0307,zfinity,Zfinity,fixed_wireless,wireless_cpe,FW-CPE-A,subscriber_edge,200,30,2020-06-20
device-0308,site-0308,meverse,MeVerse,fiber,ont,ONT-X100,subscriber_edge,500,500,2025-09-28
device-0309,site-0309,bs_and_s,BS&S,fiber,ont,ONT-X100,subscriber_edge,300,300,2022-07-26
device-0310,site-0310,meverse,MeVerse,fixed_wireless,wireless_cpe,FW-CPE-B,subscriber_edge,300,50,2021-03-10
device-0311,site-0311,meverse,MeVerse,fixed_wireless,wireless_cpe,FW-CPE-A,subscriber_edge,200,30,2019-08-14
device-0312,site-0312,zfinity,Zfinity,fiber,ont,ONT-X200,subscriber_edge,300,300,2021-11-29
device-0313,site-0313,moon_link,MoonLink,satellite,satellite_terminal,SAT-A1,subscriber_edge,100,15,2023-12-04
device-0314,site-0314,meverse,MeVerse,fiber,ont,ONT-X200,subscriber_edge,300,300,2020-11-06
device-0315,site-0315,bs_and_s,BS&S,fiber,ont,ONT-X200,subscriber_edge,500,500,2020-05-30
device-0316,site-0316,zfinity,Zfinity,fiber,ont,ONT-X100,subscriber_edge,500,500,2023-10-08
device-0317,site-0317,cable_two,CableTwo,coax,cable_modem,CM-500,subscriber_edge,500,35,2019-08-22
device-0318,site-0318,zfinity,Zfinity,fixed_wireless,wireless_cpe,FW-CPE-B,subscriber_edge,300,50,2020-06-18
device-0319,site-0319,zfinity,Zfinity,fiber,ont,ONT-X200,subscriber_edge,1000,1000,2023-04-17
device-0320,site-0320,bs_and_s,BS&S,fiber,ont,ONT-X100,subscriber_edge,300,300,2019-02-23
device-0321,site-0321,bs_and_s,BS&S,fixed_wireless,wireless_cpe,FW-CPE-B,subscriber_edge,200,30,2024-06-02
device-0322,site-0322,bs_and_s,BS&S,fiber,ont,ONT-X200,subscriber_edge,300,300,2020-09-13
device-0323,site-0323,cable_two,CableTwo,coax,cable_modem,CM-500,subscriber_edge,500,35,2025-09-07
device-0324,site-0324,meverse,MeVerse,fiber,ont,ONT-X100,subscriber_edge,1000,1000,2022-08-27
device-0325,site-0325,zfinity,Zfinity,fiber,ont,ONT-X200,subscriber_edge,500,500,2023-10-12
device-0326,site-0326,bs_and_s,BS&S,fiber,ont,ONT-X100,subscriber_edge,500,500,2023-11-22
device-0327,site-0327,bs_and_s,BS&S,fiber,ont,ONT-X100,subscriber_edge,500,500,2023-12-28
device-0328,site-0328,moon_link,MoonLink,fixed_wireless,wireless_cpe,FW-CPE-A,subscriber_edge,100,20,2021-09-22
device-0329,site-0329,cable_two,CableTwo,coax,cable_modem,CM-500,subscriber_edge,1000,50,2021-03-16
device-0330,site-0330,cable_two,CableTwo,fiber,ont,ONT-X200,subscriber_edge,300,300,2022-05-27
device-0331,site-0331,meverse,MeVerse,fixed_wireless,wireless_cpe,FW-CPE-A,subscriber_edge,200,30,2022-08-26
device-0332,site-0332,meverse,MeVerse,fiber,ont,ONT-X100,subscriber_edge,500,500,2022-11-06
device-0333,site-0333,moon_link,MoonLink,fiber,ont,ONT-X200,subscriber_edge,1000,1000,2020-02-04
device-0334,site-0334,cable_two,CableTwo,fiber,ont,ONT-X100,subscriber_edge,300,300,2021-12-15
device-0335,site-0335,zfinity,Zfinity,fiber,ont,ONT-X200,subscriber_edge,300,300,2020-06-28
device-0336,site-0336,zfinity,Zfinity,fixed_wireless,wireless_cpe,FW-CPE-A,subscriber_edge,200,30,2024-10-04
device-0337,site-0337,meverse,MeVerse,coax,cable_modem,CM-550,subscriber_edge,500,35,2024-01-20
device-0338,site-0338,meverse,MeVerse,fixed_wireless,wireless_cpe,FW-CPE-A,subscriber_edge,100,20,2022-12-31
device-0339,site-0339,meverse,MeVerse,coax,cable_modem,CM-500,subscriber_edge,500,35,2020-06-27
device-0340,site-0340,bs_and_s,BS&S,fixed_wireless,wireless_cpe,FW-CPE-A,subscriber_edge,200,30,2021-09-07
device-0341,site-0341,bs_and_s,BS&S,fixed_wireless,wireless_cpe,FW-CPE-B,subscriber_edge,300,50,2024-08-20
device-0342,site-0342,cable_two,CableTwo,coax,cable_modem,CM-500,subscriber_edge,500,35,2024-07-22
device-0343,site-0343,cable_two,CableTwo,satellite,satellite_terminal,SAT-A2,subscriber_edge,100,15,2021-11-16
device-0344,site-0344,bs_and_s,BS&S,fiber,ont,ONT-X100,subscriber_edge,1000,1000,2022-04-11
device-0345,site-0345,cable_two,CableTwo,coax,cable_modem,CM-500,subscriber_edge,500,35,2022-10-09
device-0346,site-0346,bs_and_s,BS&S,coax,cable_modem,CM-500,subscriber_edge,300,20,2022-02-27
device-0347,site-0347,zfinity,Zfinity,fiber,ont,ONT-X200,subscriber_edge,500,500,2025-08-27
device-0348,site-0348,bs_and_s,BS&S,fiber,ont,ONT-X100,subscriber_edge,300,300,2019-01-16
device-0349,site-0349,zfinity,Zfinity,coax,cable_modem,CM-550,subscriber_edge,500,35,2020-05-22
device-0350,site-0350,bs_and_s,BS&S,fiber,ont,ONT-X100,subscriber_edge,1000,1000,2025-11-07
device-0351,site-0351,meverse,MeVerse,fiber,ont,ONT-X100,subscriber_edge,300,300,2019-04-23
device-0352,site-0352,meverse,MeVerse,fiber,ont,ONT-X100,subscriber_edge,500,500,2025-06-28
device-0353,site-0353,meverse,MeVerse,fiber,ont,ONT-X100,subscriber_edge,1000,1000,2025-10-29
device-0354,site-0354,cable_two,CableTwo,fiber,ont,ONT-X100,subscriber_edge,1000,1000,2025-10-01
device-0355,site-0355,moon_link,MoonLink,fixed_wireless,wireless_cpe,FW-CPE-A,subscriber_edge,100,20,2019-08-29
device-0356,site-0356,cable_two,CableTwo,fiber,ont,ONT-X200,subscriber_edge,300,300,2024-11-23
device-0357,site-0357,zfinity,Zfinity,fiber,ont,ONT-X100,subscriber_edge,1000,1000,2021-05-08
device-0358,site-0358,zfinity,Zfinity,coax,cable_modem,CM-500,subscriber_edge,1000,50,2019-04-03
device-0359,site-0359,zfinity,Zfinity,fiber,ont,ONT-X100,subscriber_edge,300,300,2023-10-18
device-0360,site-0360,moon_link,MoonLink,fiber,ont,ONT-X200,subscriber_edge,500,500,2025-09-21
device-0361,site-0361,moon_link,MoonLink,fixed_wireless,wireless_cpe,FW-CPE-A,subscriber_edge,200,30,2019-12-09
device-0362,site-0362,moon_link,MoonLink,coax,cable_modem,CM-500,subscriber_edge,500,35,2020-04-13
device-0363,site-0363,meverse,MeVerse,fiber,ont,ONT-X100,subscriber_edge,500,500,2024-11-18
device-0364,site-0364,zfinity,Zfinity,fixed_wireless,wireless_cpe,FW-CPE-A,subscriber_edge,300,50,2024-04-13
device-0365,site-0365,zfinity,Zfinity,fiber,ont,ONT-X100,subscriber_edge,300,300,2019-11-19
device-0366,site-0366,meverse,MeVerse,fiber,ont,ONT-X100,subscriber_edge,1000,1000,2023-05-22
device-0367,site-0367,cable_two,CableTwo,fiber,ont,ONT-X200,subscriber_edge,1000,1000,2025-10-16
device-0368,site-0368,meverse,MeVerse,coax,cable_modem,CM-500,subscriber_edge,300,20,2021-03-24
device-0369,site-0369,zfinity,Zfinity,fixed_wireless,wireless_cpe,FW-CPE-A,subscriber_edge,100,20,2023-04-14
device-0370,site-0370,moon_link,MoonLink,coax,cable_modem,CM-550,subscriber_edge,500,35,2019-03-09
device-0371,site-0371,cable_two,CableTwo,fixed_wireless,wireless_cpe,FW-CPE-A,subscriber_edge,200,30,2021-10-11
device-0372,site-0372,zfinity,Zfinity,coax,cable_modem,CM-550,subscriber_edge,300,20,2025-08-05
device-0373,site-0373,bs_and_s,BS&S,coax,cable_modem,CM-550,subscriber_edge,500,35,2021-08-29
device-0374,site-0374,bs_and_s,BS&S,fixed_wireless,wireless_cpe,FW-CPE-A,subscriber_edge,100,20,2024-04-16
device-0375,site-0375,cable_two,CableTwo,fiber,ont,ONT-X200,subscriber_edge,500,500,2019-05-15
device-0376,site-0376,meverse,MeVerse,fixed_wireless,wireless_cpe,FW-CPE-A,subscriber_edge,100,20,2020-08-16
device-0377,site-0377,cable_two,CableTwo,coax,cable_modem,CM-550,subscriber_edge,500,35,2020-11-24
device-0378,site-0378,moon_link,MoonLink,coax,cable_modem,CM-550,subscriber_edge,1000,50,2024-12-26
device-0379,site-0379,moon_link,MoonLink,fiber,ont,ONT-X200,subscriber_edge,500,500,2022-09-16
device-0380,site-0380,bs_and_s,BS&S,fiber,ont,ONT-X200,subscriber_edge,300,300,2024-11-25
device-0381,site-0381,moon_link,MoonLink,fiber,ont,ONT-X100,subscriber_edge,500,500,2022-05-27
device-0382,site-0382,zfinity,Zfinity,fiber,ont,ONT-X200,subscriber_edge,500,500,2023-05-16
device-0383,site-0383,cable_two,CableTwo,coax,cable_modem,CM-500,subscriber_edge,300,20,2025-03-23
device-0384,site-0384,moon_link,MoonLink,fiber,ont,ONT-X100,subscriber_edge,500,500,2023-10-17
device-0385,site-0385,bs_and_s,BS&S,coax,cable_modem,CM-500,subscriber_edge,300,20,2021-02-07
device-0386,site-0386,cable_two,CableTwo,coax,cable_modem,CM-500,subscriber_edge,1000,50,2020-12-14
device-0387,site-0387,meverse,MeVerse,coax,cable_modem,CM-500,subscriber_edge,500,35,2025-05-09
device-0388,site-0388,cable_two,CableTwo,fixed_wireless,wireless_cpe,FW-CPE-B,subscriber_edge,100,20,2025-10-08
device-0389,site-0389,zfinity,Zfinity,satellite,satellite_terminal,SAT-A1,subscriber_edge,50,10,2021-10-30
device-0390,site-0390,bs_and_s,BS&S,coax,cable_modem,CM-500,subscriber_edge,300,20,2022-03-30
device-0391,site-0391,meverse,MeVerse,fiber,ont,ONT-X200,subscriber_edge,300,300,2022-05-21
device-0392,site-0392,moon_link,MoonLink,fixed_wireless,wireless_cpe,FW-CPE-A,subscriber_edge,100,20,2021-12-11
device-0393,site-0393,moon_link,MoonLink,coax,cable_modem,CM-500,subscriber_edge,1000,50,2024-10-17
device-0394,site-0394,bs_and_s,BS&S,fiber,ont,ONT-X100,subscriber_edge,300,300,2019-06-16
device-0395,site-0395,bs_and_s,BS&S,fixed_wireless,wireless_cpe,FW-CPE-A,subscriber_edge,300,50,2020-04-14
device-0396,site-0396,zfinity,Zfinity,fiber,ont,ONT-X100,subscriber_edge,300,300,2021-01-04
device-0397,site-0397,moon_link,MoonLink,fiber,ont,ONT-X100,subscriber_edge,1000,1000,2019-09-01
device-0398,site-0398,moon_link,MoonLink,satellite,satellite_terminal,SAT-A2,subscriber_edge,50,10,2025-02-13
device-0399,site-0399,zfinity,Zfinity,fiber,ont,ONT-X200,subscriber_edge,500,500,2020-04-29
device-0400,site-0400,cable_two,CableTwo,fixed_wireless,wireless_cpe,FW-CPE-A,subscriber_edge,300,50,2019-10-07
device-0401,site-0401,bs_and_s,BS&S,fiber,ont,ONT-X100,subscriber_edge,300,300,2019-01-08
device-0402,site-0402,moon_link,MoonLink,fiber,ont,ONT-X200,subscriber_edge,500,500,2022-04-09
device-0403,site-0403,bs_and_s,BS&S,satellite,satellite_terminal,SAT-A1,subscriber_edge,100,15,2021-05-03
device-0404,site-0404,zfinity,Zfinity,coax,cable_modem,CM-550,subscriber_edge,500,35,2024-11-05
device-0405,site-0405,zfinity,Zfinity,coax,cable_modem,CM-500,subscriber_edge,500,35,2022-12-09
device-0406,site-0406,cable_two,CableTwo,fiber,ont,ONT-X200,subscriber_edge,500,500,2025-07-30
device-0407,site-0407,moon_link,MoonLink,fiber,ont,ONT-X200,subscriber_edge,300,300,2025-10-31
device-0408,site-0408,meverse,MeVerse,fiber,ont,ONT-X100,subscriber_edge,500,500,2019-10-30
device-0409,site-0409,meverse,MeVerse,fixed_wireless,wireless_cpe,FW-CPE-B,subscriber_edge,200,30,2019-02-25
device-0410,site-0410,meverse,MeVerse,satellite,satellite_terminal,SAT-A2,subscriber_edge,100,15,2025-11-30
device-0411,site-0411,bs_and_s,BS&S,fiber,ont,ONT-X200,subscriber_edge,500,500,2023-05-11
device-0412,site-0412,zfinity,Zfinity,coax,cable_modem,CM-500,subscriber_edge,500,35,2019-02-24
device-0413,site-0413,meverse,MeVerse,fixed_wireless,wireless_cpe,FW-CPE-B,subscriber_edge,200,30,2023-02-15
device-0414,site-0414,zfinity,Zfinity,fixed_wireless,wireless_cpe,FW-CPE-B,subscriber_edge,300,50,2025-02-11
device-0415,site-0415,meverse,MeVerse,fiber,ont,ONT-X200,subscriber_edge,1000,1000,2025-10-23
device-0416,site-0416,zfinity,Zfinity,coax,cable_modem,CM-550,subscriber_edge,300,20,2024-10-21
device-0417,site-0417,meverse,MeVerse,fixed_wireless,wireless_cpe,FW-CPE-A,subscriber_edge,100,20,2019-01-25
device-0418,site-0418,zfinity,Zfinity,fiber,ont,ONT-X100,subscriber_edge,300,300,2023-03-05
device-0419,site-0419,bs_and_s,BS&S,fiber,ont,ONT-X200,subscriber_edge,1000,1000,2025-05-28
device-0420,site-0420,bs_and_s,BS&S,fiber,ont,ONT-X100,subscriber_edge,500,500,2024-12-13
device-0421,site-0421,zfinity,Zfinity,coax,cable_modem,CM-500,subscriber_edge,300,20,2022-07-15
device-0422,site-0422,meverse,MeVerse,fixed_wireless,wireless_cpe,FW-CPE-B,subscriber_edge,300,50,2020-02-06
device-0423,site-0423,moon_link,MoonLink,satellite,satellite_terminal,SAT-A2,subscriber_edge,150,20,2025-04-10
device-0424,site-0424,meverse,MeVerse,fiber,ont,ONT-X100,subscriber_edge,300,300,2025-02-17
device-0425,site-0425,zfinity,Zfinity,fiber,ont,ONT-X100,subscriber_edge,300,300,2022-08-19
device-0426,site-0426,meverse,MeVerse,fixed_wireless,wireless_cpe,FW-CPE-A,subscriber_edge,200,30,2024-05-04
device-0427,site-0427,meverse,MeVerse,fixed_wireless,wireless_cpe,FW-CPE-B,subscriber_edge,200,30,2022-10-04
device-0428,site-0428,moon_link,MoonLink,satellite,satellite_terminal,SAT-A1,subscriber_edge,100,15,2024-01-31
device-0429,site-0429,cable_two,CableTwo,coax,cable_modem,CM-500,subscriber_edge,300,20,2024-09-30
device-0430,site-0430,bs_and_s,BS&S,fixed_wireless,wireless_cpe,FW-CPE-A,subscriber_edge,200,30,2021-12-21
device-0431,site-0431,meverse,MeVerse,fixed_wireless,wireless_cpe,FW-CPE-B,subscriber_edge,200,30,2025-03-01
device-0432,site-0432,zfinity,Zfinity,fiber,ont,ONT-X200,subscriber_edge,500,500,2020-12-29
device-0433,site-0433,zfinity,Zfinity,coax,cable_modem,CM-550,subscriber_edge,300,20,2024-06-08
device-0434,site-0434,cable_two,CableTwo,coax,cable_modem,CM-500,subscriber_edge,300,20,2020-02-23
device-0435,site-0435,cable_two,CableTwo,coax,cable_modem,CM-550,subscriber_edge,300,20,2025-08-14
device-0436,site-0436,cable_two,CableTwo,coax,cable_modem,CM-500,subscriber_edge,500,35,2019-09-13
device-0437,site-0437,bs_and_s,BS&S,fiber,ont,ONT-X100,subscriber_edge,300,300,2025-06-29
device-0438,site-0438,cable_two,CableTwo,coax,cable_modem,CM-550,subscriber_edge,300,20,2024-09-30
device-0439,site-0439,moon_link,MoonLink,satellite,satellite_terminal,SAT-A2,subscriber_edge,100,15,2020-12-25
device-0440,site-0440,cable_two,CableTwo,coax,cable_modem,CM-500,subscriber_edge,500,35,2024-04-06
device-0441,site-0441,moon_link,MoonLink,satellite,satellite_terminal,SAT-A1,subscriber_edge,100,15,2022-04-04
device-0442,site-0442,cable_two,CableTwo,coax,cable_modem,CM-500,subscriber_edge,500,35,2024-08-13
device-0443,site-0443,cable_two,CableTwo,coax,cable_modem,CM-550,subscriber_edge,300,20,2023-08-25
device-0444,site-0444,meverse,MeVerse,fixed_wireless,wireless_cpe,FW-CPE-A,subscriber_edge,200,30,2022-03-20
device-0445,site-0445,zfinity,Zfinity,coax,cable_modem,CM-550,subscriber_edge,500,35,2019-11-11
device-0446,site-0446,moon_link,MoonLink,satellite,satellite_terminal,SAT-A2,subscriber_edge,100,15,2021-09-01
device-0447,site-0447,bs_and_s,BS&S,fiber,ont,ONT-X200,subscriber_edge,300,300,2024-01-29
device-0448,site-0448,meverse,MeVerse,fiber,ont,ONT-X100,subscriber_edge,300,300,2024-02-04
device-0449,site-0449,zfinity,Zfinity,fiber,ont,ONT-X200,subscriber_edge,300,300,2021-10-05
device-0450,site-0450,zfinity,Zfinity,fiber,ont,ONT-X100,subscriber_edge,1000,1000,2020-03-08
device-0451,site-0451,cable_two,CableTwo,coax,cable_modem,CM-500,subscriber_edge,300,20,2020-04-04
device-0452,site-0452,moon_link,MoonLink,satellite,satellite_terminal,SAT-A2,subscriber_edge,100,15,2023-01-22
device-0453,site-0453,meverse,MeVerse,fiber,ont,ONT-X100,subscriber_edge,500,500,2024-06-02
device-0454,site-0454,bs_and_s,BS&S,fiber,ont,ONT-X200,subscriber_edge,300,300,2024-03-17
device-0455,site-0455,moon_link,MoonLink,satellite,satellite_terminal,SAT-A1,subscriber_edge,50,10,2025-01-25
device-0456,site-0456,bs_and_s,BS&S,fixed_wireless,wireless_cpe,FW-CPE-B,subscriber_edge,100,20,2021-07-20
device-0457,site-0457,zfinity,Zfinity,fiber,ont,ONT-X100,subscriber_edge,300,300,2024-01-29
device-0458,site-0458,meverse,MeVerse,fixed_wireless,wireless_cpe,FW-CPE-B,subscriber_edge,100,20,2020-09-20
device-0459,site-0459,cable_two,CableTwo,coax,cable_modem,CM-550,subscriber_edge,300,20,2020-02-06
device-0460,site-0460,bs_and_s,BS&S,fiber,ont,ONT-X200,subscriber_edge,300,300,2020-08-03
device-0461,site-0461,moon_link,MoonLink,satellite,satellite_terminal,SAT-A2,subscriber_edge,100,15,2020-02-24
device-0462,site-0462,cable_two,CableTwo,coax,cable_modem,CM-500,subscriber_edge,500,35,2020-02-24
device-0463,site-0463,bs_and_s,BS&S,fixed_wireless,wireless_cpe,FW-CPE-B,subscriber_edge,100,20,2023-12-13
device-0464,site-0464,meverse,MeVerse,fixed_wireless,wireless_cpe,FW-CPE-A,subscriber_edge,100,20,2025-12-23
device-0465,site-0465,moon_link,MoonLink,satellite,satellite_terminal,SAT-A1,subscriber_edge,50,10,2022-01-29
device-0466,site-0466,bs_and_s,BS&S,fiber,ont,ONT-X100,subscriber_edge,300,300,2024-11-25
device-0467,site-0467,moon_link,MoonLink,satellite,satellite_terminal,SAT-A1,subscriber_edge,50,10,2025-07-21
device-0468,site-0468,bs_and_s,BS&S,fiber,ont,ONT-X200,subscriber_edge,500,500,2020-01-22
device-0469,site-0469,zfinity,Zfinity,coax,cable_modem,CM-550,subscriber_edge,300,20,2025-07-15
device-0470,site-0470,zfinity,Zfinity,coax,cable_modem,CM-500,subscriber_edge,1000,50,2025-07-12
device-0471,site-0471,moon_link,MoonLink,satellite,satellite_terminal,SAT-A2,subscriber_edge,150,20,2020-02-11
device-0472,site-0472,bs_and_s,BS&S,fiber,ont,ONT-X200,subscriber_edge,500,500,2022-09-25
device-0473,site-0473,moon_link,MoonLink,satellite,satellite_terminal,SAT-A2,subscriber_edge,100,15,2019-05-31
device-0474,site-0474,moon_link,MoonLink,satellite,satellite_terminal,SAT-A1,subscriber_edge,100,15,2024-07-30
device-0475,site-0475,meverse,MeVerse,fixed_wireless,wireless_cpe,FW-CPE-A,subscriber_edge,100,20,2019-03-19
device-0476,site-0476,meverse,MeVerse,fixed_wireless,wireless_cpe,FW-CPE-A,subscriber_edge,300,50,2024-08-25
device-0477,site-0477,zfinity,Zfinity,coax,cable_modem,CM-550,subscriber_edge,500,35,2025-08-30
device-0478,site-0478,meverse,MeVerse,fixed_wireless,wireless_cpe,FW-CPE-A,subscriber_edge,200,30,2023-04-23
device-0479,site-0479,meverse,MeVerse,fixed_wireless,wireless_cpe,FW-CPE-A,subscriber_edge,100,20,2020-06-30
device-0480,site-0480,bs_and_s,BS&S,fiber,ont,ONT-X200,subscriber_edge,500,500,2025-12-23
device-0481,site-0481,moon_link,MoonLink,satellite,satellite_terminal,SAT-A2,subscriber_edge,100,15,2023-11-15
device-0482,site-0482,bs_and_s,BS&S,fiber,ont,ONT-X200,subscriber_edge,1000,1000,2023-11-30
device-0483,site-0483,cable_two,CableTwo,coax,cable_modem,CM-500,subscriber_edge,1000,50,2025-04-09
device-0484,site-0484,zfinity,Zfinity,fixed_wireless,wireless_cpe,FW-CPE-A,subscriber_edge,200,30,2021-05-01
device-0485,site-0485,cable_two,CableTwo,fixed_wireless,wireless_cpe,FW-CPE-A,subscriber_edge,200,30,2024-06-05
device-0486,site-0486,zfinity,Zfinity,fiber,ont,ONT-X200,subscriber_edge,300,300,2020-07-05
device-0487,site-0487,meverse,MeVerse,fixed_wireless,wireless_cpe,FW-CPE-A,subscriber_edge,200,30,2025-05-26
device-0488,site-0488,bs_and_s,BS&S,fiber,ont,ONT-X200,subscriber_edge,1000,1000,2025-09-14
device-0489,site-0489,meverse,MeVerse,fixed_wireless,wireless_cpe,FW-CPE-A,subscriber_edge,200,30,2022-08-27
device-0490,site-0490,moon_link,MoonLink,satellite,satellite_terminal,SAT-A1,subscriber_edge,50,10,2022-02-18
device-0491,site-0491,cable_two,CableTwo,coax,cable_modem,CM-500,subscriber_edge,300,20,2023-06-06
device-0492,site-0492,cable_two,CableTwo,fixed_wireless,wireless_cpe,FW-CPE-A,subscriber_edge,100,20,2022-06-17
device-0493,site-0493,moon_link,MoonLink,satellite,satellite_terminal,SAT-A1,subscriber_edge,100,15,2023-06-09
device-0494,site-0494,meverse,MeVerse,fixed_wireless,wireless_cpe,FW-CPE-B,subscriber_edge,300,50,2023-08-29
device-0495,site-0495,moon_link,MoonLink,satellite,satellite_terminal,SAT-A1,subscriber_edge,150,20,2022-12-30
device-0496,site-0496,cable_two,CableTwo,fixed_wireless,wireless_cpe,FW-CPE-A,subscriber_edge,100,20,2023-10-18
device-0497,site-0497,moon_link,MoonLink,satellite,satellite_terminal,SAT-A1,subscriber_edge,50,10,2023-05-12
device-0498,site-0498,bs_and_s,BS&S,fiber,ont,ONT-X100,subscriber_edge,500,500,2022-11-16
device-0499,site-0499,moon_link,MoonLink,satellite,satellite_terminal,SAT-A2,subscriber_edge,50,10,2025-04-12
device-0500,site-0500,moon_link,MoonLink,satellite,satellite_terminal,SAT-A2,subscriber_edge,150,20,2020-02-24
device-0501,site-0501,bs_and_s,BS&S,fiber,ont,ONT-X200,subscriber_edge,1000,1000,2019-07-20
device-0502,site-0502,bs_and_s,BS&S,fiber,ont,ONT-X100,subscriber_edge,300,300,2019-01-13
device-0503,site-0503,zfinity,Zfinity,fixed_wireless,wireless_cpe,FW-CPE-A,subscriber_edge,300,50,2025-10-24
device-0504,site-0504,bs_and_s,BS&S,satellite,satellite_terminal,SAT-A1,subscriber_edge,100,15,2024-06-05
device-0505,site-0505,cable_two,CableTwo,fiber,ont,ONT-X200,subscriber_edge,500,500,2024-10-14
device-0506,site-0506,cable_two,CableTwo,coax,cable_modem,CM-500,subscriber_edge,300,20,2025-08-28
device-0507,site-0507,bs_and_s,BS&S,coax,cable_modem,CM-500,subscriber_edge,300,20,2020-01-18
device-0508,site-0508,bs_and_s,BS&S,fiber,ont,ONT-X100,subscriber_edge,500,500,2024-10-21
device-0509,site-0509,bs_and_s,BS&S,satellite,satellite_terminal,SAT-A2,subscriber_edge,100,15,2021-06-14
device-0510,site-0510,moon_link,MoonLink,fiber,ont,ONT-X200,subscriber_edge,500,500,2021-12-16
device-0511,site-0511,meverse,MeVerse,fiber,ont,ONT-X100,subscriber_edge,1000,1000,2021-11-27
device-0512,site-0512,moon_link,MoonLink,fixed_wireless,wireless_cpe,FW-CPE-A,subscriber_edge,200,30,2020-01-07
device-0513,site-0513,moon_link,MoonLink,fiber,ont,ONT-X200,subscriber_edge,300,300,2024-07-25
device-0514,site-0514,bs_and_s,BS&S,fiber,ont,ONT-X200,subscriber_edge,1000,1000,2020-02-25
device-0515,site-0515,zfinity,Zfinity,fiber,ont,ONT-X100,subscriber_edge,1000,1000,2022-08-06
device-0516,site-0516,moon_link,MoonLink,satellite,satellite_terminal,SAT-A1,subscriber_edge,50,10,2021-12-23
device-0517,site-0517,meverse,MeVerse,fixed_wireless,wireless_cpe,FW-CPE-A,subscriber_edge,300,50,2024-12-13
device-0518,site-0518,cable_two,CableTwo,fiber,ont,ONT-X100,subscriber_edge,500,500,2021-03-20
device-0519,site-0519,moon_link,MoonLink,satellite,satellite_terminal,SAT-A1,subscriber_edge,50,10,2021-10-31
device-0520,site-0520,zfinity,Zfinity,coax,cable_modem,CM-500,subscriber_edge,1000,50,2020-06-13
device-0521,site-0521,moon_link,MoonLink,satellite,satellite_terminal,SAT-A1,subscriber_edge,50,10,2024-12-12
device-0522,site-0522,zfinity,Zfinity,fiber,ont,ONT-X200,subscriber_edge,1000,1000,2019-06-13
device-0523,site-0523,moon_link,MoonLink,fixed_wireless,wireless_cpe,FW-CPE-B,subscriber_edge,200,30,2020-02-10
device-0524,site-0524,bs_and_s,BS&S,fiber,ont,ONT-X200,subscriber_edge,500,500,2023-04-15
device-0525,site-0525,meverse,MeVerse,fixed_wireless,wireless_cpe,FW-CPE-B,subscriber_edge,100,20,2019-02-07
device-0526,site-0526,meverse,MeVerse,fiber,ont,ONT-X100,subscriber_edge,500,500,2022-01-28
device-0527,site-0527,moon_link,MoonLink,fiber,ont,ONT-X100,subscriber_edge,500,500,2023-09-11
device-0528,site-0528,meverse,MeVerse,satellite,satellite_terminal,SAT-A1,subscriber_edge,50,10,2025-10-16
device-0529,site-0529,zfinity,Zfinity,fiber,ont,ONT-X100,subscriber_edge,300,300,2020-02-12
device-0530,site-0530,zfinity,Zfinity,coax,cable_modem,CM-500,subscriber_edge,1000,50,2023-04-03
device-0531,site-0531,cable_two,CableTwo,coax,cable_modem,CM-550,subscriber_edge,1000,50,2022-04-10
device-0532,site-0532,zfinity,Zfinity,coax,cable_modem,CM-500,subscriber_edge,300,20,2019-03-05
device-0533,site-0533,cable_two,CableTwo,fiber,ont,ONT-X100,subscriber_edge,300,300,2019-09-26
device-0534,site-0534,cable_two,CableTwo,coax,cable_modem,CM-500,subscriber_edge,300,20,2021-02-13
device-0535,site-0535,moon_link,MoonLink,fixed_wireless,wireless_cpe,FW-CPE-A,subscriber_edge,200,30,2019-11-18
device-0536,site-0536,bs_and_s,BS&S,coax,cable_modem,CM-500,subscriber_edge,500,35,2019-04-17
device-0537,site-0537,moon_link,MoonLink,fixed_wireless,wireless_cpe,FW-CPE-A,subscriber_edge,200,30,2019-06-18
device-0538,site-0538,cable_two,CableTwo,coax,cable_modem,CM-500,subscriber_edge,500,35,2021-03-06
device-0539,site-0539,zfinity,Zfinity,fiber,ont,ONT-X100,subscriber_edge,500,500,2024-04-24
device-0540,site-0540,meverse,MeVerse,fixed_wireless,wireless_cpe,FW-CPE-B,subscriber_edge,100,20,2024-08-15
device-0541,site-0541,zfinity,Zfinity,coax,cable_modem,CM-500,subscriber_edge,500,35,2022-07-05
device-0542,site-0542,meverse,MeVerse,fiber,ont,ONT-X100,subscriber_edge,1000,1000,2023-08-21
device-0543,site-0543,moon_link,MoonLink,fiber,ont,ONT-X100,subscriber_edge,500,500,2020-07-15
device-0544,site-0544,cable_two,CableTwo,coax,cable_modem,CM-500,subscriber_edge,500,35,2025-10-09
device-0545,site-0545,bs_and_s,BS&S,fixed_wireless,wireless_cpe,FW-CPE-B,subscriber_edge,100,20,2023-09-12
device-0546,site-0546,meverse,MeVerse,fiber,ont,ONT-X100,subscriber_edge,1000,1000,2024-07-21
device-0547,site-0547,bs_and_s,BS&S,fiber,ont,ONT-X100,subscriber_edge,500,500,2019-02-06
device-0548,site-0548,meverse,MeVerse,fixed_wireless,wireless_cpe,FW-CPE-B,subscriber_edge,200,30,2023-09-30
device-0549,site-0549,moon_link,MoonLink,satellite,satellite_terminal,SAT-A2,subscriber_edge,100,15,2025-03-08
device-0550,site-0550,cable_two,CableTwo,coax,cable_modem,CM-500,subscriber_edge,500,35,2020-09-23
device-0551,site-0551,cable_two,CableTwo,fiber,ont,ONT-X100,subscriber_edge,500,500,2024-04-03
device-0552,site-0552,bs_and_s,BS&S,satellite,satellite_terminal,SAT-A2,subscriber_edge,150,20,2022-06-18
device-0553,site-0553,meverse,MeVerse,fixed_wireless,wireless_cpe,FW-CPE-A,subscriber_edge,300,50,2021-08-05
device-0554,site-0554,bs_and_s,BS&S,fiber,ont,ONT-X200,subscriber_edge,1000,1000,2022-07-14
device-0555,site-0555,zfinity,Zfinity,satellite,satellite_terminal,SAT-A1,subscriber_edge,50,10,2025-04-13
device-0556,site-0556,cable_two,CableTwo,coax,cable_modem,CM-550,subscriber_edge,500,35,2021-05-17
device-0557,site-0557,zfinity,Zfinity,coax,cable_modem,CM-500,subscriber_edge,300,20,2021-03-13
device-0558,site-0558,zfinity,Zfinity,coax,cable_modem,CM-500,subscriber_edge,500,35,2019-02-25
device-0559,site-0559,moon_link,MoonLink,satellite,satellite_terminal,SAT-A1,subscriber_edge,50,10,2025-05-29
device-0560,site-0560,zfinity,Zfinity,fiber,ont,ONT-X200,subscriber_edge,300,300,2021-05-18
device-0561,site-0561,moon_link,MoonLink,satellite,satellite_terminal,SAT-A1,subscriber_edge,100,15,2019-08-17
device-0562,site-0562,meverse,MeVerse,fiber,ont,ONT-X100,subscriber_edge,300,300,2022-08-29
device-0563,site-0563,meverse,MeVerse,fiber,ont,ONT-X100,subscriber_edge,300,300,2021-07-22
device-0564,site-0564,meverse,MeVerse,fixed_wireless,wireless_cpe,FW-CPE-B,subscriber_edge,200,30,2023-05-25
device-0565,site-0565,cable_two,CableTwo,satellite,satellite_terminal,SAT-A1,subscriber_edge,100,15,2025-09-29
device-0566,site-0566,bs_and_s,BS&S,fiber,ont,ONT-X100,subscriber_edge,300,300,2020-09-23
device-0567,site-0567,moon_link,MoonLink,satellite,satellite_terminal,SAT-A1,subscriber_edge,100,15,2019-11-21
device-0568,site-0568,cable_two,CableTwo,fiber,ont,ONT-X100,subscriber_edge,1000,1000,2023-10-16
device-0569,site-0569,zfinity,Zfinity,fiber,ont,ONT-X100,subscriber_edge,1000,1000,2022-02-04
device-0570,site-0570,moon_link,MoonLink,satellite,satellite_terminal,SAT-A1,subscriber_edge,50,10,2024-05-18
device-0571,site-0571,cable_two,CableTwo,satellite,satellite_terminal,SAT-A2,subscriber_edge,150,20,2022-10-12
device-0572,site-0572,cable_two,CableTwo,fiber,ont,ONT-X100,subscriber_edge,1000,1000,2024-10-16
device-0573,site-0573,moon_link,MoonLink,satellite,satellite_terminal,SAT-A2,subscriber_edge,100,15,2022-07-03
device-0574,site-0574,moon_link,MoonLink,fiber,ont,ONT-X100,subscriber_edge,300,300,2019-01-01
device-0575,site-0575,moon_link,MoonLink,satellite,satellite_terminal,SAT-A1,subscriber_edge,50,10,2024-01-22
device-0576,site-0576,meverse,MeVerse,fixed_wireless,wireless_cpe,FW-CPE-A,subscriber_edge,200,30,2020-12-03
device-0577,site-0577,moon_link,MoonLink,satellite,satellite_terminal,SAT-A2,subscriber_edge,150,20,2025-07-18
device-0578,site-0578,zfinity,Zfinity,fixed_wireless,wireless_cpe,FW-CPE-A,subscriber_edge,200,30,2021-07-10
device-0579,site-0579,bs_and_s,BS&S,fiber,ont,ONT-X100,subscriber_edge,300,300,2021-03-21
device-0580,site-0580,cable_two,CableTwo,coax,cable_modem,CM-550,subscriber_edge,500,35,2019-07-11
device-0581,site-0581,zfinity,Zfinity,fiber,ont,ONT-X200,subscriber_edge,500,500,2025-12-11
device-0582,site-0582,moon_link,MoonLink,fixed_wireless,wireless_cpe,FW-CPE-B,subscriber_edge,100,20,2023-09-12
device-0583,site-0583,zfinity,Zfinity,fixed_wireless,wireless_cpe,FW-CPE-B,subscriber_edge,100,20,2019-08-13
device-0584,site-0584,cable_two,CableTwo,satellite,satellite_terminal,SAT-A1,subscriber_edge,100,15,2022-02-07
device-0585,site-0585,bs_and_s,BS&S,fiber,ont,ONT-X100,subscriber_edge,500,500,2024-04-27
device-0586,site-0586,meverse,MeVerse,fixed_wireless,wireless_cpe,FW-CPE-A,subscriber_edge,100,20,2025-05-15
device-0587,site-0587,cable_two,CableTwo,coax,cable_modem,CM-550,subscriber_edge,300,20,2019-10-25
device-0588,site-0588,moon_link,MoonLink,satellite,satellite_terminal,SAT-A2,subscriber_edge,50,10,2020-06-07
device-0589,site-0589,moon_link,MoonLink,fixed_wireless,wireless_cpe,FW-CPE-A,subscriber_edge,300,50,2025-04-16
device-0590,site-0590,moon_link,MoonLink,fixed_wireless,wireless_cpe,FW-CPE-A,subscriber_edge,100,20,2019-06-27
device-0591,site-0591,cable_two,CableTwo,fixed_wireless,wireless_cpe,FW-CPE-B,subscriber_edge,200,30,2021-06-15
device-0592,site-0592,cable_two,CableTwo,fixed_wireless,wireless_cpe,FW-CPE-B,subscriber_edge,200,30,2024-02-25
device-0593,site-0593,moon_link,MoonLink,fixed_wireless,wireless_cpe,FW-CPE-B,subscriber_edge,200,30,2025-12-15
device-0594,site-0594,bs_and_s,BS&S,fixed_wireless,wireless_cpe,FW-CPE-A,subscriber_edge,300,50,2025-07-27
device-0595,site-0595,bs_and_s,BS&S,fiber,ont,ONT-X100,subscriber_edge,300,300,2022-01-08
device-0596,site-0596,zfinity,Zfinity,satellite,satellite_terminal,SAT-A1,subscriber_edge,50,10,2023-04-29
device-0597,site-0597,moon_link,MoonLink,fixed_wireless,wireless_cpe,FW-CPE-A,subscriber_edge,100,20,2022-03-08
device-0598,site-0598,bs_and_s,BS&S,fixed_wireless,wireless_cpe,FW-CPE-B,subscriber_edge,100,20,2020-11-01
device-0599,site-0599,zfinity,Zfinity,fiber,ont,ONT-X100,subscriber_edge,300,300,2025-11-22
device-0600,site-0600,meverse,MeVerse,fiber,ont,ONT-X100,subscriber_edge,300,300,2024-09-04
ixp-central-01,network-site-ixp-central,,,fiber,ixp_router,RTR-IXP-4000,ixp,,,2021-08-14
ixp-central-02,network-site-ixp-central,,,fiber,ixp_router,RTR-IXP-4000,ixp,,,2023-03-19
ixp-northwest-01,network-site-ixp-northwest,,,fiber,ixp_router,RTR-IXP-4000,ixp,,,2024-05-13
ixp-northwest-02,network-site-ixp-northwest,,,fiber,ixp_router,RTR-IXP-4000,ixp,,,2021-07-19
