place_geoid,name,lsad,land_area_sq_miles,internal_latitude,internal_longitude
0500190,Acorn CDP,57,3.975000,34.638786,-94.200112
0500250,Adona city,25,0.949000,35.039930,-92.899132
0500580,Alexander city,25,2.256000,34.618562,-92.451219
0500700,Alicia town,43,0.432000,35.892907,-91.083450
0500730,Alix CDP,57,0.481000,35.422002,-93.728784
0500820,Alleene CDP,57,2.192000,33.764823,-94.262198
0500940,Allport town,43,0.208000,34.539866,-91.783886
0500970,Alma city,25,5.732000,35.492388,-94.213745
0501030,Almyra town,43,0.388000,34.405689,-91.410847
0501060,Alpena town,43,1.333000,36.292752,-93.303710
0501090,Alpine CDP,57,1.437000,34.226886,-93.378321
0501150,Altheimer city,25,2.050000,34.327434,-91.847282
0501210,Altus city,25,1.892000,35.446760,-93.764388
0501270,Amagon town,43,0.111000,35.563173,-91.109415
0501360,Amity city,25,3.210000,34.266190,-93.463423
0501457,Anthonyville town,43,0.077000,35.039831,-90.340328
0501540,Antoine town,43,0.506000,34.034536,-93.421361
0501630,Aplin CDP,57,2.244000,34.967483,-92.981271
0501660,Appleton CDP,57,5.146000,35.410823,-92.875276
0501870,Arkadelphia city,25,7.545000,34.127380,-93.070851
0501990,Arkansas City city,25,0.492000,33.608876,-91.204896
0502230,Armorel CDP,57,1.394000,35.925571,-89.797959
0502380,Ashdown city,25,7.137000,33.674529,-94.126627
0502470,Ash Flat city,25,6.315000,36.236460,-91.606676
0502590,Atkins city,25,6.130000,35.240863,-92.949643
0502680,Aubrey town,43,0.332000,34.719817,-90.897981
0502740,Augusta city,25,2.072000,35.286550,-91.360860
0502860,Austin city,25,3.096000,35.005912,-91.989609
0503010,Avilla CDP,57,6.325000,34.694843,-92.586141
0503040,Avoca town,43,1.875000,36.394697,-94.065770
0503280,Bald Knob city,25,4.955000,35.312539,-91.571253
0503430,Banks town,43,0.376000,33.575796,-92.267101
0503640,Barling city,25,10.269000,35.331286,-94.275195
0503940,Bassett town,43,0.245000,35.535577,-90.129434
0503970,Batavia CDP,57,1.387000,36.247852,-93.215771
0504030,Batesville city,25,11.595000,35.768572,-91.622652
0504090,Bauxite town,43,3.045000,34.559861,-92.499656
0504180,Bay city,25,3.088000,35.746057,-90.552143
0504420,Bearden city,25,1.614000,33.727651,-92.618678
0504540,Beaver town,43,0.315000,36.473994,-93.777335
0504600,Beebe city,25,10.144000,35.072433,-91.901059
0504630,Bee Branch CDP,57,3.564000,35.462622,-92.401023
0504720,Beedeville town,43,1.139000,35.429169,-91.110738
0504750,Beirne CDP,57,0.338000,33.888208,-93.206223
0504840,Bella Vista city,25,45.305000,36.466641,-94.266317
0504900,Bellefonte town,43,0.622000,36.199864,-93.047039
0504960,Belleville city,25,1.867000,35.091530,-93.445774
0505260,Ben Lomond town,43,3.917000,33.829113,-94.123319
0505290,Benton city,25,22.884000,34.577424,-92.572583
0505320,Bentonville city,25,33.843000,36.353040,-94.250259
0505440,Bergman town,43,1.305000,36.312786,-93.011221
0505560,Berryville city,25,6.150000,36.371028,-93.570387
0505740,Bethel Heights city,25,2.101000,36.221158,-94.129799
0505770,Bethesda CDP,57,1.459000,35.787096,-91.792711
0505920,Bigelow town,43,0.956000,34.997623,-92.631416
0505980,Big Flat town,43,1.067000,36.003399,-92.410216
0506040,Biggers town,43,1.002000,36.331361,-90.800701
0506340,Birdsong town,43,0.202000,35.461161,-90.259761
0506460,Bismarck CDP,57,1.461000,34.321836,-93.178139
0506610,Black Oak town,43,0.418000,35.836485,-90.367568
0506700,Black Rock city,25,3.286000,36.106237,-91.107480
0506730,Black Springs town,43,0.445000,34.455977,-93.713115
0507030,Blevins city,25,0.994000,33.871251,-93.578187
0507150,Blue Eye town,43,0.075000,36.496667,-93.397710
0507210,Blue Mountain town,43,1.065000,35.131796,-93.716666
0507270,Bluff City town,43,2.322000,33.735118,-93.124564
0507330,Blytheville city,25,20.738000,35.934066,-89.905133
0507420,Board Camp CDP,57,2.979000,34.532519,-94.079674
0507450,Bodcaw town,43,3.003000,33.563640,-93.393036
0507510,Boles CDP,57,2.348000,34.788119,-94.049397
0507540,Bonanza city,25,2.787000,35.231794,-94.416133
0507630,Bono city,25,2.664000,35.911102,-90.800821
0507720,Booneville city,25,3.944000,35.139329,-93.917500
0508020,Bowman CDP,57,1.558000,35.816835,-90.496228
0508260,Bradford city,25,0.867000,35.422004,-91.455232
0508290,Bradley city,25,0.913000,33.100106,-93.656895
0508440,Branch city,25,3.123000,35.308303,-93.955370
0508665,Briarcliff city,25,2.251000,36.271968,-92.282090
0508950,Brinkley city,25,5.686000,34.889781,-91.189819
0509100,Brookland city,25,7.799000,35.897051,-90.571657
0509460,Bryant city,25,20.494000,34.615059,-92.491338
0509550,Buckner city,25,1.176000,33.357270,-93.435556
0509700,Buffalo City CDP,57,0.147000,36.169120,-92.438068
0509790,Bull Shoals city,25,4.902000,36.373570,-92.591504
0509880,Burdette town,43,0.737000,35.815273,-89.946421
0510300,Cabot city,25,20.666000,34.975106,-92.028288
0510330,Caddo Gap CDP,57,0.398000,34.402494,-93.617881
0510360,Caddo Valley town,43,3.098000,34.180746,-93.084597
0510450,Caldwell town,43,3.186000,35.074794,-90.809455
0510480,Cale town,43,0.966000,33.627888,-93.232797
0510570,Calico Rock city,25,4.756000,36.121965,-92.125913
0510600,Calion city,25,1.072000,33.328406,-92.540187
0510720,Camden city,25,16.526000,33.567672,-92.849064
0510780,Cammack Village city,25,0.283000,34.780800,-92.344976
0510900,Campbell Station city,25,1.703000,35.667799,-91.253754
0511080,Canehill CDP,57,2.177000,35.913765,-94.397321
0511410,Caraway city,25,2.304000,35.760222,-90.322081
0511500,Carlisle city,25,4.845000,34.795425,-91.740494
0511830,Carthage city,25,0.989000,34.072605,-92.555312
0511890,Casa town,43,1.091000,35.024966,-93.045507
0511920,Cash town,43,0.367000,35.801157,-90.931648
0512190,Caulksville town,43,1.348000,35.301849,-93.867806
0512280,Cave City city,25,2.557000,35.948169,-91.546750
0512340,Cave Springs city,25,7.839000,36.268430,-94.219503
0512520,Cedarville city,25,8.886000,35.583054,-94.361555
0512700,Center Point CDP,57,1.700000,34.031828,-93.951166
0512790,Center Ridge CDP,57,9.470000,35.380707,-92.575626
0512820,Centerton city,25,13.578000,36.355148,-94.297692
0512940,Centerville CDP,57,3.152000,35.115702,-93.171461
0513120,Central City town,43,2.224000,35.336381,-94.238042
0513300,Charleston city,25,3.834000,35.294515,-94.048350
0513420,Cherokee City CDP,57,0.468000,36.294698,-94.576804
0513450,Cherokee Village city,25,20.427000,36.291321,-91.569368
0513540,Cherry Valley city,25,0.766000,35.402762,-90.753617
0513570,Chester town,43,0.510000,35.677772,-94.177828
0513750,Chidester city,25,5.314000,33.701947,-93.023799
0513960,Cincinnati CDP,57,7.479000,36.045324,-94.527314
0513990,Clarendon city,25,1.830000,34.694725,-91.306124
0514050,Clarkedale city,25,11.436000,35.297028,-90.210250
0514140,Clarksville city,25,18.530000,35.453918,-93.481558
0514260,Clinton city,25,13.454000,35.578981,-92.455735
0514500,Coal Hill city,25,2.931000,35.437990,-93.665190
0514860,College Station CDP,57,1.094000,34.700535,-92.228432
0514920,Collins CDP,57,1.625000,33.532266,-91.572440
0514950,Colt city,25,1.258000,35.132897,-90.812933
0515100,Concord town,43,3.080000,35.666330,-91.860623
0515190,Conway city,25,46.110000,35.074350,-92.467078
0515310,Corinth town,43,3.090000,35.069508,-93.420089
0515460,Corning city,25,3.671000,36.413682,-90.583609
0515490,Cotter city,25,2.447000,36.281898,-92.520821
0515550,Cotton Plant city,25,1.039000,35.005918,-91.252050
0515700,Cove town,43,1.598000,34.438983,-94.422321
0515790,Coy town,43,0.672000,34.540484,-91.871295
0515940,Crawfordsville town,43,0.559000,35.226672,-90.324168
0516240,Crossett city,25,5.792000,33.126834,-91.963044
0516690,Crystal Springs CDP,57,2.234000,34.524828,-93.333623
0516930,Cushman city,25,4.076000,35.865845,-91.778094
0517140,Daisy town,43,1.141000,34.235924,-93.739193
0517290,Damascus town,43,1.862000,35.367092,-92.410712
0517320,Danville city,25,4.280000,35.052457,-93.391199
0517380,Dardanelle city,25,3.644000,35.226305,-93.165909
0517410,Datto town,43,0.621000,36.392471,-90.728499
0517740,Decatur city,25,4.471000,36.341103,-94.451344
0517860,Deer CDP,57,2.791000,35.828023,-93.219622
0518010,Delaplaine town,43,1.106000,36.230393,-90.725646
0518100,Delight city,25,0.551000,34.029530,-93.506555
0518160,Dell town,43,0.921000,35.857166,-90.034076
0518340,Dennard CDP,57,21.899000,35.747919,-92.549999
0518370,Denning town,43,1.077000,35.425153,-93.756758
0518490,De Queen city,25,6.002000,34.042245,-94.342133
0518520,Dermott city,25,3.421000,33.526206,-91.432296
0518550,Des Arc city,25,2.102000,34.978433,-91.506835
0518580,Desha CDP,57,2.266000,35.730455,-91.685579
0518640,De Valls Bluff city,25,1.092000,34.785865,-91.461071
0518790,DeWitt city,25,2.992000,34.287369,-91.338326
0518850,Diamond City city,25,2.817000,36.457609,-92.910989
0518940,Diaz city,25,5.971000,35.648773,-91.258933
0518970,Dierks city,25,1.919000,34.119961,-94.017283
0519450,Donaldson town,43,0.591000,34.234976,-92.919517
0519540,Dora CDP,57,0.833000,35.462853,-94.429694
0519600,Dover city,25,2.827000,35.390981,-93.114241
0519720,Drasco CDP,57,1.714000,35.633775,-91.941776
0519990,Dumas city,25,2.906000,33.883372,-91.485632
0520200,Dyer city,25,2.941000,35.494367,-94.138805
0520230,Dyess town,43,0.961000,35.589338,-90.213293
0520320,Earle city,25,3.247000,35.273379,-90.464304
0520440,East Camden town,43,0.724000,33.608437,-92.744456
0520470,East End CDP,57,20.061000,34.554505,-92.327475
0520800,Edgemont CDP,57,0.368000,35.600686,-92.196371
0520830,Edmondson town,43,2.992000,35.105035,-90.305452
0520920,Egypt town,43,0.336000,35.867775,-90.945834
0520950,Elaine city,25,0.512000,34.308603,-90.853349
0521070,El Dorado city,25,16.201000,33.218982,-92.664071
0521190,Elkins city,25,3.874000,36.017217,-94.023497
0521430,Elm Springs city,25,5.952000,36.206224,-94.237904
0521520,El Paso CDP,57,4.126000,35.115298,-92.081189
0521580,Emerson town,43,0.991000,33.097328,-93.195976
0521610,Emmet city,25,1.442000,33.722539,-93.466156
0521730,England city,25,1.889000,34.545431,-91.967442
0521820,Enola town,43,2.715000,35.195907,-92.206581
0522120,Etowah town,43,5.939000,35.715758,-90.230682
0522180,Eudora city,25,3.093000,33.118866,-91.264033
0522240,Eureka Springs city,25,6.758000,36.410774,-93.744904
0522300,Evansville CDP,57,1.443000,35.790635,-94.488844
0522360,Evening Shade city,25,1.666000,36.069933,-91.621881
0522450,Everton town,43,0.473000,36.154140,-92.909538
0522660,Fairfield Bay city,25,15.097000,35.601101,-92.266208
0522720,Fair Oaks CDP,57,2.396000,35.248002,-91.036017
0523140,Fargo town,43,0.457000,34.953995,-91.179744
0523170,Farmington city,25,9.827000,36.036581,-94.252466
0523290,Fayetteville city,25,54.137000,36.071455,-94.166564
0523320,Felsenthal town,43,1.476000,33.060826,-92.148961
0523680,Fifty-Six city,25,2.069000,35.963510,-92.233355
0523800,Fisher city,25,0.303000,35.491436,-90.972571
0524010,Flippin city,25,1.883000,36.277320,-92.593530
0524070,Floral CDP,57,0.744000,35.588939,-91.758932
0524130,Floyd CDP,57,4.831000,35.198879,-91.964530
0524220,Fordyce city,25,6.814000,33.818125,-92.417388
0524250,Foreman city,25,1.977000,33.719494,-94.397668
0524430,Forrest City city,25,20.245000,35.013599,-90.793207
0524550,Fort Smith city,25,63.994000,35.349276,-94.370883
0524640,Fouke city,25,1.356000,33.262235,-93.885230
0524670,Fountain Hill town,43,0.568000,33.357545,-91.851141
0524700,Fountain Lake town,43,4.249000,34.609848,-92.919774
0524760,Fourche town,43,0.199000,34.993128,-92.618944
0524910,Fox CDP,57,5.452000,35.784398,-92.299626
0525030,Franklin town,43,2.133000,36.172700,-91.769724
0525060,Fredonia (Biscoe) town,43,0.955000,34.819370,-91.410160
0525180,Friendship town,43,0.712000,34.224344,-93.003660
0525360,Fulton town,43,0.178000,33.612565,-93.813795
0525630,Gamaliel CDP,57,0.546000,36.451890,-92.236928
0525750,Garfield town,43,3.091000,36.455428,-93.975782
0525780,Garland town,43,0.877000,33.360958,-93.714170
0525900,Garner town,43,0.789000,35.142496,-91.779184
0526050,Gassville city,25,3.431000,36.284949,-92.486830
0526110,Gateway town,43,6.559000,36.488902,-93.933087
0526260,Genoa CDP,57,6.613000,33.377487,-93.882415
0526290,Gentry city,25,5.174000,36.259553,-94.490876
0526440,Georgetown town,43,0.289000,35.126678,-91.453923
0526710,Gibson CDP,57,4.755000,34.902228,-92.240817
0526800,Gilbert town,43,0.367000,35.990981,-92.716181
0526980,Gillett city,25,0.996000,34.119172,-91.379133
0527010,Gillham town,43,0.918000,34.168628,-94.312977
0527040,Gilmore city,25,13.516000,35.413994,-90.295580
0527310,Glenwood city,25,8.909000,34.328314,-93.527255
0527610,Goodwin CDP,57,4.519000,34.940726,-91.003576
0527670,Goshen town,43,11.313000,36.102458,-94.001579
0527700,Gosnell city,25,1.669000,35.964937,-89.968577
0527730,Gould city,25,1.551000,33.987194,-91.564038
0527790,Grady city,25,1.855000,34.078758,-91.697646
0527970,Grannis city,25,7.930000,34.240165,-94.321995
0528360,Gravette city,25,15.278000,36.428296,-94.368529
0528510,Greenbrier city,25,7.935000,35.228843,-92.383568
0528600,Green Forest city,25,2.465000,36.334710,-93.430962
0528660,Greenland city,25,4.013000,35.996194,-94.190890
0528720,Greenway city,25,0.260000,36.340577,-90.222124
0528780,Greenwood city,25,10.824000,35.211348,-94.239444
0528810,Greers Ferry city,25,7.218000,35.574966,-92.165959
0528840,Gregory CDP,57,4.593000,35.153332,-91.334241
0528990,Griffithville town,43,0.548000,35.123053,-91.644970
0529020,Grubbs city,25,0.566000,35.653999,-91.075464
0529080,Guion town,43,0.558000,35.926834,-91.938927
0529140,Gum Springs town,43,0.391000,34.063937,-93.095709
0529200,Gurdon city,25,2.425000,33.916032,-93.153910
0529230,Guy city,25,6.775000,35.327322,-92.336661
0529290,Hackett city,25,1.435000,35.188027,-94.410341
0529320,Hagarville CDP,57,4.144000,35.515017,-93.332135
0529380,Halley CDP,57,1.139000,33.536255,-91.323651
0529500,Hamburg city,25,3.435000,33.224755,-91.797247
0529650,Hampton city,25,3.278000,33.534763,-92.466607
0529920,Hardy city,25,5.056000,36.319645,-91.481503
0530310,Harrell town,43,0.552000,33.509869,-92.400061
0530400,Harrisburg city,25,2.426000,35.563772,-90.721615
0530460,Harrison city,25,11.205000,36.242592,-93.117650
0530490,Hartford city,25,1.884000,35.023433,-94.379406
0530520,Hartman city,25,1.580000,35.435250,-93.628245
0530640,Haskell city,25,4.918000,34.509238,-92.641861
0530700,Hatfield town,43,1.334000,34.484507,-94.379910
0530730,Hattieville CDP,57,2.455000,35.295226,-92.775351
0530790,Havana city,25,0.601000,35.109809,-93.526022
0530880,Haynes town,43,0.349000,34.890933,-90.792662
0530940,Hazen city,25,3.518000,34.781368,-91.558058
0531090,Heber Springs city,25,9.094000,35.499554,-92.029339
0531150,Hector town,43,2.286000,35.462913,-92.979130
0531190,Helena-West Helena city,25,13.094000,34.531325,-90.620057
0531270,Henderson CDP,57,7.351000,36.377214,-92.218918
0531390,Hensley CDP,57,1.023000,34.510410,-92.209517
0531540,Hermitage city,25,1.067000,33.447372,-92.171455
0531900,Hickory Ridge city,25,0.648000,35.402812,-90.994458
0532080,Higden town,43,0.485000,35.566406,-92.205180
0532140,Higginson town,43,1.270000,35.196813,-91.715175
0532200,Highfill town,43,18.022000,36.274375,-94.323862
0532257,Highland city,25,8.740000,36.269430,-91.519824
0532470,Hindsville town,43,0.372000,36.147719,-93.864880
0532650,Holiday Island CDP,57,10.773000,36.481702,-93.712989
0532710,Holland city,25,6.731000,35.166012,-92.277049
0532800,Holly Grove city,25,1.001000,34.601497,-91.200255
0533190,Hope city,25,10.683000,33.668164,-93.588885
0533310,Horatio city,25,1.784000,33.942739,-94.356201
0533370,Horseshoe Bend city,25,13.361000,36.218726,-91.738324
0533375,Horseshoe Lake town,43,0.153000,34.913753,-90.307722
0533400,Hot Springs city,25,37.473000,34.489442,-93.050254
0533482,Hot Springs Village CDP,57,57.637000,34.658069,-92.968643
0533490,Houston town,43,1.012000,35.034879,-92.694525
0533580,Hoxie city,25,6.666000,36.036041,-90.973588
0533760,Hughes city,25,2.263000,34.948109,-90.471372
0533820,Humnoke city,25,0.314000,34.542242,-91.759656
0533850,Humphrey city,25,1.306000,34.422370,-91.702454
0533910,Hunter town,43,0.618000,35.054560,-91.122855
0533940,Huntington city,25,0.674000,35.081710,-94.266319
0533970,Huntsville city,25,5.382000,36.098656,-93.733244
0534090,Huttig city,25,2.979000,33.040320,-92.179678
0534150,Imboden town,43,1.273000,36.199696,-91.177386
0534220,Indian Bay CDP,57,0.381000,34.387120,-91.069561
0534540,Ivan CDP,57,3.830000,33.901968,-92.433196
0534720,Jacksonport town,43,0.376000,35.642177,-91.307914
0534750,Jacksonville city,25,28.646000,34.880512,-92.130590
0534900,Jasper city,25,0.954000,36.012102,-93.187500
0535040,Jennette town,43,2.265000,35.158127,-90.418765
0535140,Jericho town,43,0.307000,35.287677,-90.230466
0535170,Jerome town,43,0.101000,33.398595,-91.469807
0535260,Jerusalem CDP,57,1.353000,35.407570,-92.823013
0535500,Johnson city,25,3.613000,36.133854,-94.174269
0535650,Joiner city,25,0.615000,35.507390,-90.150706
0535710,Jonesboro city,25,80.178000,35.819755,-90.679033
0535770,Jones Mills CDP,57,3.196000,34.444947,-92.901539
0536040,Judsonia city,25,2.887000,35.276431,-91.641614
0536130,Junction City city,25,1.136000,33.022091,-92.723616
0536310,Keiser city,25,0.371000,35.673984,-90.095843
0536430,Kensett city,25,1.866000,35.235200,-91.671256
0536550,Keo town,43,4.923000,34.609287,-92.011566
0536670,Kibler city,25,4.996000,35.425237,-94.236145
0536880,Kingsland city,25,1.122000,33.857975,-92.297789
0536910,Kingston CDP,57,1.590000,36.056744,-93.514735
0537060,Kirby CDP,57,14.477000,34.254291,-93.654873
0537240,Knobel city,25,0.421000,36.319986,-90.602266
0537300,Knoxville town,43,3.184000,35.377537,-93.361839
0537450,Lacey CDP,57,1.585000,33.450347,-91.849554
0537660,Lafe town,43,2.032000,36.209178,-90.504292
0537720,LaGrange town,43,0.152000,34.655757,-90.734742
0537780,Lake City city,25,3.146000,35.819370,-90.453905
0537930,Lake Hamilton CDP,57,2.071000,34.429621,-93.076352
0538050,Lakeview city,25,1.040000,36.373907,-92.538735
0538110,Lake View city,25,5.003000,34.421160,-90.813314
0538170,Lake Village city,25,2.377000,33.329180,-91.284794
0538290,Lamar city,25,4.616000,35.444425,-93.394675
0538540,Landmark CDP,57,9.830000,34.610352,-92.316045
0538890,Lavaca city,25,2.222000,35.330199,-94.182885
0538950,Lawson CDP,57,3.294000,33.199960,-92.487896
0539010,Leachville city,25,4.403000,35.911468,-90.254955
0539040,Lead Hill town,43,0.578000,36.413611,-92.907167
0539310,Leola town,43,0.854000,34.170087,-92.591412
0539370,Lepanto city,25,1.564000,35.608528,-90.332985
0539460,Leslie city,25,0.758000,35.829508,-92.555961
0539520,Letona town,43,0.389000,35.363502,-91.829547
0539640,Lewisville city,25,2.148000,33.360132,-93.583971
0539670,Lexa town,43,0.410000,34.598248,-90.751887
0539970,Lincoln city,25,2.866000,35.948834,-94.417468
0540120,Little Flock city,25,7.510000,36.383335,-94.137265
0541000,Little Rock city,25,120.046000,34.723980,-92.357609
0541090,Lockesburg city,25,3.484000,33.972871,-94.179584
0541270,London city,25,3.170000,35.327616,-93.243466
0541420,Lonoke city,25,4.799000,34.790501,-91.907362
0541450,Lonsdale town,43,0.404000,34.544967,-92.810563
0541555,Lost Bridge Village CDP,57,3.232000,36.389728,-93.915536
0541630,Louann town,43,0.238000,33.391481,-92.792214
0541720,Lowell city,25,9.614000,36.255855,-94.153356
0542170,Luxora city,25,0.851000,35.757672,-89.929480
0542260,Lynn town,43,2.313000,36.004263,-91.252000
0542350,McAlmont CDP,57,1.572000,34.792492,-92.196013
0542410,McCaskill town,43,0.738000,33.919539,-93.636831
0542500,McCrory city,25,2.368000,35.257326,-91.197276
0542560,McDougal town,43,0.371000,36.436465,-90.390727
0542770,McGehee city,25,6.656000,33.627971,-91.395329
0543070,McNab town,43,0.343000,33.660895,-93.832282
0543100,McNeil city,25,1.268000,33.347917,-93.208404
0543220,McRae city,25,0.673000,35.113627,-91.826194
0543280,Madison city,25,2.484000,35.017993,-90.731150
0543310,Magazine city,25,1.816000,35.153901,-93.807851
0543370,Magness town,43,0.614000,35.703055,-91.482237
0543430,Magnet Cove CDP,57,2.110000,34.449161,-92.837719
0543460,Magnolia city,25,13.231000,33.276698,-93.226247
0543610,Malvern city,25,9.864000,34.373579,-92.821250
0543670,Mammoth Spring city,25,1.292000,36.492410,-91.541067
0543820,Manila city,25,3.756000,35.884751,-90.165367
0543880,Mansfield city,25,2.312000,35.063915,-94.234269
0544120,Marianna city,25,3.614000,34.773630,-90.767501
0544150,Marie town,43,0.147000,35.612931,-90.082963
0544180,Marion city,25,20.043000,35.204246,-90.206715
0544210,Marked Tree city,25,5.772000,35.527889,-90.426610
0544240,Marmaduke city,25,1.398000,36.190028,-90.385061
0544300,Marshall city,25,4.073000,35.908461,-92.646498
0544420,Marvell city,25,1.436000,34.556304,-90.915338
0544600,Maumelle city,25,12.069000,34.852344,-92.399995
0544750,Mayflower city,25,3.940000,34.980324,-92.419355
0544780,Maynard town,43,1.171000,36.421493,-90.901804
0544810,Maysville CDP,57,2.354000,36.401975,-94.588951
0545080,Melbourne city,25,6.977000,36.063971,-91.881520
0545110,Mellwood CDP,57,0.888000,34.215475,-90.944687
0545170,Mena city,25,6.889000,34.580834,-94.237096
0545200,Menifee town,43,2.266000,35.149702,-92.550420
0545500,Midland town,43,0.346000,35.092403,-94.352955
0545530,Midway CDP,57,5.757000,36.392240,-92.475532
0545560,Midway town,43,3.521000,34.249893,-92.973433
0546040,Mineral Springs city,25,2.133000,33.877723,-93.921386
0546100,Minturn town,43,0.569000,35.976417,-91.027188
0546190,Mitchellville city,25,0.120000,33.905333,-91.498398
0546400,Monette city,25,5.657000,35.893208,-90.344106
0546460,Monroe CDP,57,0.734000,34.734040,-91.106766
0546580,Monticello city,25,10.891000,33.624778,-91.793722
0546670,Montrose city,25,0.379000,33.298925,-91.496440
0546730,Moorefield town,43,1.131000,35.767228,-91.570807
0546910,Moro town,43,0.965000,34.791976,-90.987984
0546970,Morrilton city,25,8.828000,35.155456,-92.738932
0547030,Morrison Bluff town,43,1.341000,35.381952,-93.518854
0547090,Morrow CDP,57,2.865000,35.856329,-94.430562
0547300,Mountainburg city,25,1.472000,35.649625,-94.162407
0547390,Mountain Home city,25,11.941000,36.335069,-92.384141
0547450,Mountain Pine city,25,1.661000,34.569642,-93.171493
0547540,Mountain View city,25,7.296000,35.861559,-92.109657
0547660,Mount Holly CDP,57,2.792000,33.307223,-92.950213
0547690,Mount Ida city,25,1.569000,34.549153,-93.629939
0547720,Mount Judea CDP,57,3.293000,35.926173,-93.056804
0547810,Mount Olive CDP,57,0.540000,36.003119,-92.090465
0547900,Mount Pleasant town,43,3.502000,35.981423,-91.777383
0548020,Mount Vernon town,43,1.011000,35.223605,-92.123980
0548200,Mulberry city,25,7.826000,35.508500,-94.074753
0548290,Murfreesboro city,25,3.665000,34.070312,-93.694073
0548560,Nashville city,25,5.471000,33.941924,-93.851658
0548680,Natural Steps CDP,57,2.760000,34.874266,-92.497772
0549010,Newark city,25,1.645000,35.707630,-91.443400
0549070,New Blaine CDP,57,1.595000,35.292520,-93.419083
0549220,New Edinburg CDP,57,3.203000,33.756223,-92.240365
0549370,Newhope CDP,57,3.033000,34.222258,-93.877396
0549580,Newport city,25,13.551000,35.623772,-91.231682
0549820,Nimmons town,43,0.250000,36.306250,-90.095055
0550000,Norfork city,25,2.225000,36.209469,-92.277844
0550030,Norman town,43,1.125000,34.458977,-93.676824
0550060,Norphlet city,25,2.044000,33.319889,-92.662009
0550240,North Crossett CDP,57,10.433000,33.174113,-91.931736
0550450,North Little Rock city,25,52.335000,34.781752,-92.235057
0550810,Oak Grove town,43,2.885000,36.464269,-93.430212
0550990,Oak Grove CDP,57,3.761000,35.364779,-92.964179
0551060,Oak Grove Heights town,43,2.995000,36.126432,-90.503435
0551080,Oakhaven town,43,0.046000,33.729396,-93.620783
0551110,Oakland CDP,57,1.192000,36.460423,-92.571771
0551230,Oark CDP,57,0.382000,35.694977,-93.575027
0551290,Oden town,43,0.814000,34.623149,-93.783646
0551350,Ogden city,25,0.384000,33.585869,-94.046917
0551410,Oil Trough town,43,0.229000,35.629162,-91.461229
0551500,O'Kean town,43,1.020000,36.171462,-90.818348
0551530,Okolona town,43,0.793000,34.000478,-93.337624
0551560,Ola city,25,1.701000,35.031448,-93.224035
0552160,Omaha town,43,0.390000,36.461647,-93.189964
0552280,Oneida CDP,57,1.214000,34.460486,-90.786721
0552430,Oppelo city,25,2.430000,35.100558,-92.773566
0552580,Osceola city,25,9.419000,35.694195,-89.993421
0552880,Oxford city,25,6.545000,36.209030,-91.918268
0552940,Ozan town,43,0.327000,33.846611,-93.720822
0552970,Ozark city,25,7.931000,35.501858,-93.848378
0553000,Ozark Acres CDP,57,6.967000,36.299916,-91.387076
0553060,Ozone CDP,57,0.843000,35.638491,-93.447317
0553150,Palestine city,25,3.305000,34.970307,-90.908225
0553240,Pangburn city,25,0.545000,35.426108,-91.839411
0553390,Paragould city,25,31.857000,36.052290,-90.510470
0553480,Paris city,25,4.568000,35.289127,-93.724947
0553510,Parkdale city,25,1.020000,33.121215,-91.546399
0553600,Parkin city,25,2.558000,35.261175,-90.553508
0553900,Patmos town,43,0.111000,33.511369,-93.566956
0553990,Patterson city,25,1.130000,35.258973,-91.234957
0554110,Payneway CDP,57,5.335000,35.545728,-90.512297
0554140,Peach Orchard city,25,1.030000,36.281229,-90.660774
0554170,Pearcy CDP,57,1.547000,34.435455,-93.288217
0554200,Pea Ridge city,25,7.337000,36.446651,-94.120807
0554410,Pencil Bluff CDP,57,0.528000,34.630384,-93.735033
0554620,Perla town,43,0.963000,34.364755,-92.776228
0554650,Perry town,43,0.702000,35.046221,-92.794410
0554680,Perrytown town,43,1.394000,33.697141,-93.532407
0554710,Perryville city,25,4.268000,35.012000,-92.802938
0555130,Piggott city,25,5.363000,36.387191,-90.198944
0555280,Pindall town,43,2.871000,36.063663,-92.862158
0555310,Pine Bluff city,25,44.182000,34.211591,-92.017555
0555580,Pineville town,43,1.807000,36.161145,-92.106471
0555610,Piney CDP,57,6.508000,34.502914,-93.144427
0555970,Plainview city,25,1.457000,34.989874,-93.297948
0556060,Pleasant Grove CDP,57,2.818000,35.820465,-91.906976
0556270,Pleasant Plains town,43,1.023000,35.554615,-91.627318
0556480,Plumerville city,25,1.029000,35.159377,-92.643059
0556540,Pocahontas city,25,7.551000,36.263570,-90.970231
0556600,Pollard city,25,0.297000,36.429561,-90.267129
0556630,Ponca CDP,57,0.611000,36.029292,-93.362376
0556690,Poplar Grove CDP,57,1.358000,34.552169,-90.854223
0556720,Portia town,43,1.292000,36.084865,-91.071044
0556750,Portland city,25,1.071000,33.237935,-91.510945
0556990,Pottsville city,25,13.532000,35.230606,-93.060839
0557050,Powhatan town,43,0.547000,36.087312,-91.123884
0557080,Poyen town,43,0.306000,34.324169,-92.641976
0557125,Prairie Creek CDP,57,4.372000,36.329478,-94.058933
0557170,Prairie Grove city,25,9.281000,35.986113,-94.303383
0557230,Prattsville town,43,1.617000,34.318495,-92.543146
0557260,Prescott city,25,6.455000,33.804320,-93.391207
0557530,Princeton CDP,57,0.675000,33.977540,-92.624178
0557890,Pyatt town,43,1.256000,36.250744,-92.846637
0557950,Quitman city,25,1.895000,35.381723,-92.214724
0558160,Ratcliff city,25,1.814000,35.306946,-93.888636
0558250,Ravenden town,43,2.111000,36.243201,-91.251307
0558280,Ravenden Springs town,43,1.165000,36.312705,-91.223265
0558400,Reader CDP,57,2.338000,33.751610,-93.101184
0558490,Rector city,25,1.363000,36.264158,-90.293518
0558580,Redfield city,25,3.094000,34.439337,-92.188484
0558880,Reed town,43,0.203000,33.701672,-91.445758
0559180,Reyno city,25,1.010000,36.360899,-90.758993
0559480,Rison city,25,3.275000,33.959951,-92.193648
0559630,Rivervale CDP,57,0.372000,35.675877,-90.344500
0560020,Rockport city,25,3.155000,34.407063,-92.806678
0560110,Rockwell CDP,57,3.272000,34.464341,-93.133829
0560380,Roe town,43,0.179000,34.631101,-91.385963
0560410,Rogers city,25,38.894000,36.318085,-94.152287
0560470,Roland CDP,57,8.071000,34.902240,-92.517469
0560590,Rondo town,43,1.008000,34.657447,-90.820842
0560770,Rose Bud town,43,6.039000,35.321183,-92.076515
0561040,Rosston town,43,4.421000,33.588019,-93.286934
0561190,Rover CDP,57,3.478000,34.951824,-93.408964
0561460,Rudy town,43,1.587000,35.527455,-94.240384
0561640,Russell town,43,0.208000,35.362126,-91.509947
0561670,Russellville city,25,28.302000,35.276328,-93.138743
0561730,Rye CDP,57,4.365000,33.750475,-91.998485
0561940,St. Charles town,43,0.887000,34.372999,-91.137446
0561970,St. Francis city,25,0.355000,36.454872,-90.142179
0562030,St. Joe town,43,1.242000,36.026028,-92.801276
0562060,St. Paul town,43,0.454000,35.826791,-93.767285
0562120,Salado CDP,57,1.979000,35.695405,-91.592317
0562150,Salem city,25,2.412000,36.370416,-91.821706
0562210,Salem CDP,57,3.145000,34.630899,-92.561492
0562240,Salesville city,25,4.515000,36.239060,-92.277495
0562630,Saratoga CDP,57,2.577000,33.743741,-93.904289
0562660,Sardis CDP,57,1.840000,34.533041,-92.406722
0562900,Scott CDP,57,3.163000,34.697660,-92.093932
0562960,Scranton city,25,0.506000,35.360430,-93.539724
0563020,Searcy city,25,18.317000,35.241134,-91.735223
0563110,Sedgwick town,43,0.519000,35.974161,-90.862149
0563470,Shannon Hills city,25,2.639000,34.617586,-92.402176
0563710,Sheridan city,25,12.032000,34.321575,-92.443067
0563740,Sherrill town,43,0.132000,34.385065,-91.951808
0563800,Sherwood city,25,20.744000,34.852029,-92.204483
0563980,Shirley town,43,2.407000,35.643751,-92.313519
0564280,Sidney town,43,2.086000,36.004421,-91.658289
0564370,Siloam Springs city,25,11.504000,36.184612,-94.531517
0564730,Smackover city,25,4.349000,33.363589,-92.731425
0564910,Smithville town,43,0.666000,36.079921,-91.302675
0565480,South Lead Hill town,43,0.164000,36.395614,-92.906209
0565630,Southside city,25,9.855000,35.720183,-91.630162
0565900,Sparkman city,25,1.291000,33.917168,-92.849997
0566080,Springdale city,25,47.016000,36.190066,-94.159434
0566110,Springfield CDP,57,1.748000,35.272887,-92.554988
0566200,Springtown town,43,0.541000,36.260285,-94.423812
0566320,Stamps city,25,3.052000,33.354959,-93.497879
0566440,Star City city,25,4.797000,33.940780,-91.839962
0566800,Staves CDP,57,2.435000,34.033579,-92.280583
0566860,Stephens city,25,2.756000,33.420917,-93.069590
0567250,Strawberry town,43,2.343000,35.966523,-91.321102
0567370,Strong city,25,1.597000,33.107883,-92.355573
0567490,Stuttgart city,25,7.413000,34.495233,-91.548638
0567520,Subiaco town,43,1.892000,35.297367,-93.639439
0567550,Success town,43,0.223000,36.454501,-90.722625
0567730,Sulphur Rock town,43,1.250000,35.751629,-91.500253
0567760,Sulphur Springs city,25,1.011000,36.484076,-94.460095
0567790,Sulphur Springs CDP,57,5.527000,34.171450,-92.132055
0567880,Summers CDP,57,2.436000,35.987194,-94.482872
0567940,Summit city,25,1.206000,36.252203,-92.688287
0568060,Sunset town,43,0.263000,35.223979,-90.205642
0568330,Sweet Home CDP,57,3.890000,34.667397,-92.246304
0568360,Swifton city,25,0.549000,35.824455,-91.129428
0568660,Taylor city,25,0.993000,33.099802,-93.461843
0568810,Texarkana city,25,41.978000,33.436339,-93.987118
0569050,Thornton city,25,1.924000,33.774876,-92.487651
0569230,Tillar city,25,0.785000,33.711000,-91.451812
0569350,Tinsman town,43,0.530000,33.629183,-92.353295
0569500,Tollette town,43,0.963000,33.818095,-93.896899
0569740,Tontitown city,25,17.911000,36.167388,-94.242128
0569830,Traskwood city,25,5.630000,34.452451,-92.666438
0570010,Trumann city,25,5.802000,35.677023,-90.525897
0570070,Tucker CDP,57,0.819000,34.439523,-91.951907
0570100,Tuckerman city,25,2.676000,35.725700,-91.202133
0570220,Tull town,43,4.032000,34.441214,-92.585881
0570310,Tumbling Shoals CDP,57,10.124000,35.547053,-91.967460
0570340,Tupelo town,43,0.278000,35.390332,-91.229904
0570430,Turrell city,25,5.346000,35.374609,-90.270384
0570540,Twin Groves town,43,4.605000,35.329207,-92.405668
0570700,Tyronza city,25,1.555000,35.486771,-90.356008
0570760,Ulm town,43,0.261000,34.576229,-91.461691
0571060,Uniontown CDP,57,0.959000,35.585222,-94.446997
0571180,Urbana CDP,57,1.861000,33.158452,-92.445361
0571390,Valley Springs town,43,0.514000,36.153768,-92.989698
0571480,Van Buren city,25,15.410000,35.451176,-94.354003
0571510,Vandervoort town,43,0.288000,34.379781,-94.364919
0571570,Vanndale CDP,57,1.019000,35.315292,-90.771114
0571900,Victoria town,43,0.316000,35.757424,-90.060145
0571960,Vilonia city,25,7.973000,35.078702,-92.215387
0572140,Viola town,43,1.571000,36.399237,-91.986977
0572170,Violet Hill CDP,57,0.561000,36.152899,-91.839723
0572230,Wabbaseka town,43,0.344000,34.359805,-91.793777
0572290,Walcott CDP,57,1.245000,36.046118,-90.670497
0572320,Waldenburg town,43,0.136000,35.565255,-90.934561
0572350,Waldo city,25,2.194000,33.351923,-93.295393
0572380,Waldron city,25,5.634000,34.903252,-94.094839
0572890,Walnut Ridge city,25,16.620000,36.084834,-90.946710
0573130,Ward city,25,4.304000,35.013782,-91.957727
0573250,Warm Springs CDP,57,2.811000,36.483148,-91.049008
0573310,Warren city,25,7.035000,33.611829,-92.067718
0573370,Washington city,25,1.007000,33.772882,-93.683293
0573550,Watson city,25,0.200000,33.893750,-91.257061
0573730,Wayton CDP,57,4.074000,35.919363,-93.259588
0573940,Weiner city,25,1.364000,35.619714,-90.905303
0574000,Weldon town,43,0.244000,35.447994,-91.231606
0574090,Wesley CDP,57,1.369000,36.032535,-93.918624
0574270,West Crossett CDP,57,11.893000,33.148043,-92.016978
0574330,Western Grove town,43,1.077000,36.101118,-92.954554
0574360,West Fork city,25,3.666000,35.934924,-94.181110
0574540,West Memphis city,25,28.842000,35.149554,-90.199266
0574660,West Point town,43,0.430000,35.203307,-91.609897
0574840,Wheatley city,25,3.071000,34.921186,-91.106255
0574930,Whelen Springs town,43,0.234000,33.833144,-93.126029
0575170,White Hall city,25,7.064000,34.275179,-92.100649
0575500,Wickes town,43,2.323000,34.299736,-94.327252
0575560,Widener town,43,0.545000,35.023498,-90.681934
0575570,Wiederkehr Village city,25,4.240000,35.477705,-93.764725
0575590,Wilburn CDP,57,0.995000,35.508788,-91.888375
0575740,Williford town,43,0.349000,36.251832,-91.360457
0575770,Willisville town,43,1.597000,33.516119,-93.293665
0575860,Wilmar city,25,1.535000,33.626384,-91.929342
0575890,Wilmot city,25,1.769000,33.056963,-91.577858
0575920,Wilson city,25,1.047000,35.565961,-90.041800
0575980,Wilton city,25,1.279000,33.738728,-94.147987
0576010,Winchester town,43,0.497000,33.774074,-91.473700
0576190,Winslow city,25,1.822000,35.801542,-94.131779
0576250,Winthrop city,25,1.040000,33.830837,-94.354222
0576460,Witts Springs CDP,57,3.807000,35.770268,-92.882285
0576690,Woodlawn CDP,57,2.353000,33.966736,-92.045239
0576730,Woodson CDP,57,4.347000,34.539726,-92.222549
0576820,Wooster town,43,2.871000,35.199760,-92.450267
0576970,Wrightsville city,25,2.116000,34.620714,-92.219607
0577090,Wynne city,25,8.994000,35.235287,-90.788362
0577203,Yarborough Landing CDP,57,2.167000,33.718829,-94.009261
0577330,Yellville city,25,2.482000,36.228846,-92.686123
0577600,Zinc town,43,0.751000,36.283959,-92.914422
